TP,StressBefore,StressAfter,LeftFreq,RightFreq,Boundary
0.00249376558603,TRUE,TRUE,483,17,TRUE
0.176344086022,TRUE,TRUE,621,2989,TRUE
0.28807057921,TRUE,TRUE,2989,3971,TRUE
0.305970149254,TRUE,TRUE,331,1516,TRUE
0.0014440433213,TRUE,TRUE,1516,21,TRUE
0.142857142857,TRUE,FALSE,21,36,FALSE
0.0001998001998,TRUE,TRUE,5475,21,TRUE
0.142857142857,TRUE,FALSE,21,36,FALSE
0.0526315789474,FALSE,TRUE,36,1470,TRUE
0.00268096514745,TRUE,TRUE,433,21,TRUE
0.142857142857,TRUE,FALSE,21,36,FALSE
0.00249376558603,TRUE,TRUE,483,20,TRUE
0.00848176420696,TRUE,TRUE,1221,4027,TRUE
0.167000285959,TRUE,FALSE,4027,905,FALSE
0.00127877237852,FALSE,TRUE,905,352,TRUE
0.43063583815,TRUE,FALSE,352,1315,FALSE
0.857142857143,TRUE,FALSE,42,142,FALSE
0.00653911358682,TRUE,TRUE,4208,1363,TRUE
0.04447974583,TRUE,TRUE,1363,6040,TRUE
0.423658872077,TRUE,TRUE,905,3135,TRUE
0.143698854337,TRUE,TRUE,3135,13025,TRUE
0.0038291354663,TRUE,TRUE,13025,284,TRUE
0.00473933649289,TRUE,TRUE,284,42,TRUE
0.857142857143,TRUE,FALSE,42,142,FALSE
0.010752688172,FALSE,FALSE,142,130,TRUE
0.992063492063,FALSE,TRUE,130,166,FALSE
0.202920830131,TRUE,FALSE,2618,7880,TRUE
0.00183174146278,FALSE,TRUE,7880,155,TRUE
0.135483870968,TRUE,FALSE,155,937,FALSE
0.0048309178744,FALSE,FALSE,937,75,FALSE
0.0149253731343,FALSE,TRUE,75,41,TRUE
0.0333333333333,TRUE,TRUE,41,70,TRUE
0.0322580645161,TRUE,TRUE,70,1502,TRUE
0.144927536232,TRUE,TRUE,1502,13025,TRUE
0.00765827093261,TRUE,TRUE,13025,5475,TRUE
0.0045954045954,TRUE,TRUE,5475,98,TRUE
0.423658872077,TRUE,TRUE,905,3135,TRUE
0.143698854337,TRUE,TRUE,3135,13025,TRUE
0.00663716814159,TRUE,TRUE,13025,582,TRUE
0.325626204239,TRUE,TRUE,582,648,TRUE
0.00472440944882,TRUE,TRUE,648,1108,TRUE
0.0361560418649,TRUE,TRUE,1108,1599,TRUE
0.151534526854,TRUE,FALSE,1599,7899,TRUE
0.00194300518135,FALSE,TRUE,7899,97,TRUE
0.152173913043,TRUE,FALSE,97,2907,TRUE
0.330118694362,FALSE,FALSE,2907,7899,TRUE
0.0050518134715,FALSE,TRUE,7899,149,TRUE
0.369127516779,TRUE,FALSE,149,56,FALSE
0.31334622824,TRUE,TRUE,1121,5475,TRUE
0.506307821699,TRUE,TRUE,2687,13025,TRUE
0.0482471068754,TRUE,TRUE,13025,1121,TRUE
0.31334622824,TRUE,TRUE,1121,5475,TRUE
0.01998001998,TRUE,TRUE,5475,1492,TRUE
0.0577105014191,TRUE,TRUE,1492,6154,TRUE
0.0115998066699,TRUE,TRUE,6154,4208,TRUE
0.0288205376605,TRUE,TRUE,4208,2024,TRUE
0.17351377477,TRUE,TRUE,6154,2989,TRUE
0.28807057921,TRUE,TRUE,2989,3971,TRUE
0.035418236624,TRUE,FALSE,1488,2907,TRUE
0.10237388724,FALSE,TRUE,2907,2801,TRUE
0.0548538433778,TRUE,TRUE,2801,205,TRUE
0.506775067751,TRUE,TRUE,371,1315,TRUE
0.0187845303867,TRUE,TRUE,1315,1346,TRUE
0.0985703536494,TRUE,TRUE,1346,685,TRUE
0.0175438596491,TRUE,FALSE,685,783,TRUE
0.0886889460154,FALSE,TRUE,783,211,FALSE
0.327014218009,TRUE,FALSE,211,1100,FALSE
0.00336803429271,TRUE,TRUE,4661,1346,TRUE
0.000752445447705,TRUE,TRUE,1346,172,TRUE
0.0480710349051,TRUE,TRUE,4661,2618,TRUE
0.0176787086856,TRUE,TRUE,2618,525,TRUE
0.0196850393701,TRUE,TRUE,525,220,TRUE
0.816326530612,TRUE,FALSE,220,187,FALSE
0.106456571868,TRUE,TRUE,2618,1488,TRUE
0.00376789751319,TRUE,TRUE,1488,369,TRUE
0.682926829268,TRUE,FALSE,369,871,FALSE
0.00900900900901,FALSE,TRUE,871,2618,TRUE
0.000384319754035,TRUE,TRUE,2618,52,TRUE
0.553191489362,TRUE,FALSE,52,36,FALSE
0.104141438605,TRUE,TRUE,4208,1132,TRUE
0.0112464854733,TRUE,FALSE,1132,564,TRUE
0.239482200647,FALSE,TRUE,564,74,FALSE
0.044776119403,TRUE,TRUE,74,527,TRUE
0.0673076923077,TRUE,TRUE,527,1021,TRUE
0.00550660792952,TRUE,TRUE,1021,493,TRUE
0.105919003115,TRUE,TRUE,493,5475,TRUE
0.00939060939061,TRUE,TRUE,5475,216,TRUE
0.027128862095,TRUE,TRUE,1488,2348,TRUE
0.416058394161,TRUE,FALSE,2348,7899,TRUE
0.00569948186528,FALSE,TRUE,7899,92,TRUE
0.753623188406,TRUE,FALSE,92,142,FALSE
0.010752688172,FALSE,TRUE,142,5,TRUE
0.25,TRUE,TRUE,5,1100,TRUE
0.797272727273,TRUE,FALSE,1100,898,FALSE
0.00519060585432,TRUE,TRUE,13025,2038,TRUE
0.108379888268,TRUE,TRUE,2038,2348,TRUE
0.416058394161,TRUE,FALSE,2348,7899,TRUE
0.0124352331606,FALSE,TRUE,7899,274,TRUE
0.867647058824,TRUE,FALSE,274,564,FALSE
0.00766871165644,TRUE,TRUE,663,274,TRUE
0.867647058824,TRUE,FALSE,274,564,FALSE
0.313609467456,TRUE,FALSE,201,53,FALSE
0.249249249249,TRUE,FALSE,333,565,FALSE
0.0472972972973,FALSE,FALSE,565,2907,TRUE
0.00296735905045,FALSE,TRUE,2907,1100,TRUE
0.0463636363636,TRUE,FALSE,1100,51,FALSE
0.0243902439024,FALSE,TRUE,51,236,TRUE
0.423658872077,TRUE,TRUE,905,3135,TRUE
0.143698854337,TRUE,TRUE,3135,13025,TRUE
0.0038291354663,TRUE,TRUE,13025,284,TRUE
0.123222748815,TRUE,TRUE,284,6040,TRUE
0.0402116402116,TRUE,TRUE,6040,5475,TRUE
0.014985014985,TRUE,TRUE,5475,1315,TRUE
0.00192159877018,TRUE,TRUE,2618,194,TRUE
0.123711340206,TRUE,FALSE,194,42,FALSE
0.0575373993096,TRUE,TRUE,2989,1557,TRUE
0.012601260126,TRUE,FALSE,1557,7880,TRUE
0.000915870731388,FALSE,TRUE,7880,20,TRUE
0.167512690355,TRUE,TRUE,813,306,TRUE
0.529411764706,TRUE,FALSE,306,1610,FALSE
0.014272970562,FALSE,TRUE,1610,2687,TRUE
0.506307821699,TRUE,TRUE,2687,13025,TRUE
0.0499489448604,TRUE,TRUE,13025,2024,TRUE
0.000525486074619,TRUE,TRUE,2024,1363,TRUE
0.0389197776013,TRUE,TRUE,1363,1557,TRUE
0.135204081633,TRUE,TRUE,979,1516,TRUE
0.527797833935,TRUE,TRUE,1516,13025,TRUE
0.0170183798502,TRUE,TRUE,13025,1021,TRUE
0.0203045685279,TRUE,TRUE,813,470,TRUE
0.037558685446,TRUE,FALSE,470,7880,TRUE
0.00588774041607,FALSE,TRUE,7880,464,TRUE
0.147826086957,TRUE,FALSE,464,1610,FALSE
0.0107047279215,FALSE,TRUE,1610,98,TRUE
0.336734693878,TRUE,FALSE,98,464,FALSE
0.00229357798165,FALSE,TRUE,464,63,TRUE
0.103286384977,TRUE,TRUE,470,1341,TRUE
0.00235849056604,TRUE,TRUE,1341,63,TRUE
0.0263157894737,TRUE,TRUE,63,1363,TRUE
0.0262112787927,TRUE,TRUE,1363,13025,TRUE
0.000255275697754,TRUE,TRUE,13025,304,TRUE
0.010101010101,TRUE,TRUE,304,470,TRUE
0.103286384977,TRUE,TRUE,470,1341,TRUE
0.0141509433962,TRUE,TRUE,1341,1317,TRUE
0.000936329588015,TRUE,TRUE,1317,23,TRUE
0.210526315789,TRUE,TRUE,23,23,TRUE
0.210526315789,TRUE,TRUE,23,23,TRUE
0.0954567423876,TRUE,TRUE,6154,1516,TRUE
0.527797833935,TRUE,TRUE,1516,13025,TRUE
0.0211027910143,TRUE,TRUE,13025,526,TRUE
0.142857142857,TRUE,TRUE,8,32,TRUE
0.28807057921,TRUE,TRUE,2989,3971,TRUE
0.0537074148297,TRUE,FALSE,3971,7880,TRUE
0.0010467094073,FALSE,TRUE,7880,32,TRUE
0.0319689997578,TRUE,TRUE,4208,165,TRUE
0.0993788819876,TRUE,TRUE,165,6040,TRUE
0.0375661375661,TRUE,TRUE,6040,859,TRUE
0.116104868914,TRUE,FALSE,859,7880,TRUE
0.000392516027738,FALSE,TRUE,7880,23,TRUE
0.118101229625,FALSE,TRUE,4027,433,FALSE
0.797272727273,TRUE,FALSE,1100,898,FALSE
0.0418848167539,FALSE,TRUE,898,24,TRUE
0.0101781170483,TRUE,TRUE,1221,6154,TRUE
0.17351377477,TRUE,TRUE,6154,2989,TRUE
0.179133103184,TRUE,TRUE,2989,6040,TRUE
0.0224089635854,TRUE,FALSE,1508,7880,TRUE
0.000392516027738,FALSE,TRUE,7880,32,TRUE
0.65,TRUE,FALSE,32,1552,FALSE
0.0639926515615,TRUE,TRUE,4661,4208,TRUE
0.104141438605,TRUE,TRUE,4208,1132,TRUE
0.0684161199625,TRUE,TRUE,1132,2618,TRUE
0.202920830131,TRUE,FALSE,2618,7880,TRUE
0.00157006411095,FALSE,TRUE,7880,120,TRUE
0.463971880492,TRUE,TRUE,573,13025,TRUE
0.00663716814159,TRUE,TRUE,13025,582,TRUE
0.0154142581888,TRUE,TRUE,582,1209,TRUE
0.0439024390244,TRUE,FALSE,1209,7899,TRUE
0.0496113989637,FALSE,TRUE,7899,7880,TRUE
0.0563914693183,TRUE,FALSE,7880,1100,FALSE
0.00120336943442,FALSE,TRUE,1100,92,TRUE
0.753623188406,TRUE,FALSE,92,142,FALSE
0.010752688172,FALSE,TRUE,142,446,TRUE
0.325056433409,TRUE,FALSE,446,1371,FALSE
0.000907441016334,FALSE,TRUE,1371,275,TRUE
0.0367647058824,TRUE,TRUE,275,1492,TRUE
0.109744560076,TRUE,TRUE,1492,6040,TRUE
0.57012195122,TRUE,TRUE,1466,13025,TRUE
0.0166780122532,TRUE,TRUE,13025,1492,TRUE
0.0898770104068,TRUE,FALSE,1492,7899,TRUE
0.00284974093264,FALSE,TRUE,7899,120,TRUE
0.0930802204532,TRUE,TRUE,4661,13025,TRUE
0.0148059904697,TRUE,TRUE,13025,787,TRUE
0.771283354511,TRUE,FALSE,787,789,FALSE
0.046676096181,FALSE,TRUE,789,1492,TRUE
0.109744560076,TRUE,TRUE,1492,6040,TRUE
0.00406504065041,TRUE,TRUE,1930,211,TRUE
0.0116279069767,TRUE,TRUE,211,1729,TRUE
0.0102505694761,TRUE,TRUE,1470,1930,TRUE
0.00406504065041,TRUE,TRUE,1930,211,TRUE
0.0116279069767,TRUE,TRUE,211,1729,TRUE
0.155003762227,TRUE,FALSE,1346,7899,TRUE
0.00284974093264,FALSE,TRUE,7899,120,TRUE
0.0408163265306,TRUE,TRUE,120,979,TRUE
0.104141438605,TRUE,TRUE,4208,1132,TRUE
0.0618556701031,TRUE,TRUE,1132,3971,TRUE
0.00561122244489,TRUE,TRUE,3971,89,TRUE
0.0327868852459,TRUE,TRUE,89,5475,TRUE
0.000799200799201,TRUE,TRUE,5475,9,TRUE
0.375,TRUE,TRUE,9,5475,TRUE
0.0433566433566,TRUE,TRUE,5475,1317,TRUE
0.0926966292135,TRUE,FALSE,1317,2907,TRUE
0.330118694362,FALSE,FALSE,2907,7899,TRUE
0.00569948186528,FALSE,TRUE,7899,92,TRUE
0.753623188406,TRUE,FALSE,92,142,FALSE
0.123076923077,TRUE,TRUE,104,120,TRUE
0.0204081632653,TRUE,TRUE,120,907,TRUE
0.260210035006,TRUE,TRUE,907,1508,TRUE
0.030597655133,TRUE,TRUE,4027,1902,TRUE
0.202920830131,TRUE,FALSE,2618,7880,TRUE
0.0185790919796,FALSE,TRUE,7880,483,TRUE
0.00997506234414,TRUE,TRUE,483,120,TRUE
0.00406504065041,TRUE,TRUE,1930,211,TRUE
0.0523255813953,TRUE,FALSE,211,7880,TRUE
0.0325788303022,FALSE,TRUE,7880,1361,FALSE
0.197149643705,TRUE,FALSE,1361,1100,FALSE
0.220216606498,FALSE,TRUE,1100,1729,TRUE
0.0713463751438,TRUE,FALSE,869,220,FALSE
0.190476190476,FALSE,TRUE,220,40,TRUE
0.864864864865,TRUE,FALSE,40,142,FALSE
0.344086021505,FALSE,FALSE,142,203,FALSE
0.00227790432802,TRUE,TRUE,1470,582,TRUE
0.0154142581888,TRUE,FALSE,582,7880,TRUE
0.0325788303022,FALSE,TRUE,7880,1361,FALSE
0.197149643705,TRUE,FALSE,1361,1100,FALSE
0.220216606498,FALSE,TRUE,1100,1729,TRUE
0.493506493506,TRUE,FALSE,96,43,FALSE
0.57012195122,TRUE,TRUE,1466,13025,TRUE
0.00323349217155,TRUE,TRUE,13025,193,TRUE
0.0869565217391,TRUE,TRUE,193,285,TRUE
0.902877697842,TRUE,FALSE,285,648,FALSE
0.392801251956,FALSE,FALSE,648,488,FALSE
0.0135135135135,FALSE,TRUE,488,3971,TRUE
0.506307821699,TRUE,TRUE,2687,13025,TRUE
0.0410993873383,TRUE,TRUE,13025,4661,TRUE
0.0777709736681,TRUE,TRUE,4661,6154,TRUE
0.00120831319478,TRUE,TRUE,6154,331,TRUE
0.305970149254,TRUE,TRUE,331,1516,TRUE
0.0261564543473,TRUE,TRUE,4208,139,TRUE
0.0105263157895,TRUE,TRUE,139,1273,TRUE
0.0032414910859,TRUE,TRUE,1273,83,TRUE
0.0487804878049,TRUE,TRUE,83,1363,TRUE
0.156473391581,TRUE,TRUE,1363,5475,TRUE
0.01998001998,TRUE,TRUE,5475,1492,TRUE
0.0331125827815,TRUE,TRUE,1492,3971,TRUE
0.0570323827936,TRUE,TRUE,6154,339,TRUE
0.891304347826,TRUE,TRUE,339,1599,TRUE
0.00255754475703,TRUE,TRUE,1599,111,TRUE
0.125,TRUE,TRUE,111,2989,TRUE
0.28807057921,TRUE,TRUE,2989,3971,TRUE
0.0463636363636,TRUE,FALSE,1100,51,FALSE
0.0243902439024,FALSE,TRUE,51,111,TRUE
0.00127551020408,TRUE,TRUE,979,2024,TRUE
0.0225959012086,TRUE,TRUE,2024,13025,TRUE
0.000255275697754,TRUE,TRUE,13025,72,TRUE
0.179104477612,TRUE,FALSE,72,7880,TRUE
0.00444851498103,FALSE,TRUE,7880,111,TRUE
0.05,TRUE,TRUE,111,1363,TRUE
0.167593328038,TRUE,TRUE,1363,3971,TRUE
0.114306428226,TRUE,TRUE,6154,2687,TRUE
0.506307821699,TRUE,TRUE,2687,13025,TRUE
0.0243362831858,TRUE,TRUE,13025,1132,TRUE
0.0140581068416,TRUE,TRUE,1132,1557,TRUE
0.222322232223,TRUE,TRUE,1557,2989,TRUE
1.0,TRUE,FALSE,32,934,FALSE
0.0519262981575,FALSE,TRUE,934,43,TRUE
0.790697674419,TRUE,FALSE,43,934,FALSE
0.17351377477,TRUE,TRUE,6154,2989,TRUE
0.28807057921,TRUE,TRUE,2989,3971,TRUE
0.035418236624,TRUE,FALSE,1488,7899,TRUE
0.00129533678756,FALSE,TRUE,7899,339,TRUE
0.0155279503106,TRUE,TRUE,339,13025,TRUE
0.0036589516678,TRUE,TRUE,13025,137,TRUE
0.00763358778626,TRUE,TRUE,137,464,TRUE
0.0252293577982,TRUE,FALSE,464,7899,TRUE
0.00129533678756,FALSE,TRUE,7899,339,TRUE
0.0155279503106,TRUE,TRUE,339,13025,TRUE
0.000340367597005,TRUE,TRUE,13025,21,TRUE
0.018711018711,TRUE,TRUE,671,6154,TRUE
0.0570323827936,TRUE,TRUE,6154,339,TRUE
0.891304347826,TRUE,TRUE,339,1599,TRUE
0.000639386189258,TRUE,TRUE,1599,122,TRUE
0.0847457627119,TRUE,TRUE,122,2989,TRUE
0.28807057921,TRUE,TRUE,2989,3971,TRUE
0.000753579502638,TRUE,TRUE,1488,76,TRUE
0.0333333333333,TRUE,TRUE,76,122,TRUE
0.209302325581,TRUE,TRUE,81,122,TRUE
0.00363284088157,TRUE,TRUE,4208,129,TRUE
0.0648148148148,TRUE,FALSE,129,7880,TRUE
0.000130838675913,FALSE,TRUE,7880,4,TRUE
0.333333333333,TRUE,TRUE,4,120,TRUE
0.0124843945069,TRUE,TRUE,859,1341,TRUE
0.000786163522013,TRUE,TRUE,1341,439,TRUE
0.344213649852,TRUE,FALSE,439,934,FALSE
0.118101229625,FALSE,TRUE,4027,433,FALSE
0.00840336134454,TRUE,TRUE,433,170,TRUE
0.364705882353,TRUE,FALSE,170,934,FALSE
0.00502512562814,FALSE,TRUE,934,6154,TRUE
0.797272727273,TRUE,FALSE,1100,898,FALSE
0.00261780104712,FALSE,TRUE,898,102,TRUE
0.0140845070423,TRUE,TRUE,102,110,TRUE
0.0148059904697,TRUE,TRUE,13025,787,TRUE
0.771283354511,TRUE,FALSE,787,789,FALSE
0.00565770862801,FALSE,TRUE,789,102,TRUE
0.0140845070423,TRUE,TRUE,102,3971,TRUE
0.00521042084168,TRUE,TRUE,3971,365,TRUE
0.00663716814159,TRUE,TRUE,13025,773,TRUE
0.0013037809648,TRUE,TRUE,773,14,TRUE
0.153846153846,TRUE,TRUE,14,887,TRUE
0.0605210420842,TRUE,TRUE,3971,1729,TRUE
0.00797607178465,TRUE,TRUE,1729,453,TRUE
0.862385321101,TRUE,FALSE,453,727,FALSE
0.0821114369501,FALSE,TRUE,727,2024,TRUE
0.173410404624,TRUE,FALSE,2024,7880,TRUE
0.00588774041607,FALSE,TRUE,7880,464,TRUE
0.147826086957,TRUE,FALSE,464,1610,FALSE
0.0107047279215,FALSE,TRUE,1610,98,TRUE
0.336734693878,TRUE,FALSE,98,464,FALSE
0.00229357798165,FALSE,TRUE,464,2348,TRUE
0.305970149254,TRUE,TRUE,331,1516,TRUE
0.00216606498195,TRUE,FALSE,1516,875,TRUE
0.00727802037846,FALSE,TRUE,875,274,TRUE
0.867647058824,TRUE,FALSE,274,564,FALSE
0.00647249190939,FALSE,TRUE,564,2,TRUE
0.0460347174949,TRUE,TRUE,13025,3135,TRUE
0.0199672667758,TRUE,TRUE,3135,209,TRUE
0.261538461538,TRUE,FALSE,209,7880,TRUE
0.00471019233285,FALSE,TRUE,7880,220,TRUE
0.816326530612,TRUE,FALSE,220,187,FALSE
0.00765827093261,TRUE,TRUE,13025,429,TRUE
0.243309002433,TRUE,FALSE,429,7880,TRUE
0.00471019233285,FALSE,TRUE,7880,220,TRUE
0.816326530612,TRUE,FALSE,220,187,FALSE
0.322784810127,TRUE,FALSE,160,7880,TRUE
0.00471019233285,FALSE,TRUE,7880,220,TRUE
0.816326530612,TRUE,FALSE,220,187,FALSE
0.986531986532,TRUE,TRUE,297,13025,TRUE
0.423658872077,TRUE,TRUE,905,3135,TRUE
0.143698854337,TRUE,TRUE,3135,13025,TRUE
0.00723281143635,TRUE,TRUE,13025,595,TRUE
0.0492359932088,TRUE,TRUE,595,3971,TRUE
0.00240480961924,TRUE,TRUE,3971,4027,TRUE
0.167000285959,TRUE,FALSE,4027,905,FALSE
0.0179028132992,FALSE,FALSE,905,2848,TRUE
0.00361402240694,FALSE,TRUE,2848,193,TRUE
0.0923913043478,TRUE,TRUE,193,6040,TRUE
0.0402116402116,TRUE,TRUE,6040,5475,TRUE
0.0043956043956,TRUE,TRUE,5475,481,TRUE
0.325056433409,TRUE,FALSE,446,1371,FALSE
0.00453720508167,FALSE,TRUE,1371,1341,TRUE
0.0133647798742,TRUE,TRUE,1341,28,TRUE
0.037037037037,TRUE,TRUE,28,122,TRUE
0.0169491525424,TRUE,TRUE,122,2,TRUE
0.506307821699,TRUE,TRUE,2687,13025,TRUE
0.0243362831858,TRUE,TRUE,13025,1132,TRUE
0.0412371134021,TRUE,TRUE,1132,1341,TRUE
0.00550314465409,TRUE,TRUE,1341,464,TRUE
0.57012195122,TRUE,TRUE,1466,13025,TRUE
0.00323349217155,TRUE,TRUE,13025,193,TRUE
0.0978260869565,TRUE,TRUE,193,481,TRUE
0.0352564102564,TRUE,FALSE,481,7899,TRUE
0.00427461139896,FALSE,TRUE,7899,122,TRUE
0.0508474576271,TRUE,TRUE,122,11,TRUE
0.00144352219415,TRUE,TRUE,2801,122,TRUE
0.0508474576271,TRUE,TRUE,122,11,TRUE
0.17351377477,TRUE,TRUE,6154,2989,TRUE
0.28807057921,TRUE,TRUE,2989,3971,TRUE
0.17351377477,TRUE,TRUE,6154,2989,TRUE
0.28807057921,TRUE,TRUE,2989,3971,TRUE
0.0588235294118,TRUE,TRUE,35,1470,TRUE
0.855769230769,TRUE,FALSE,104,789,FALSE
0.0975954738331,FALSE,TRUE,789,13025,TRUE
0.0288461538462,TRUE,TRUE,13025,1363,TRUE
0.156473391581,TRUE,TRUE,1363,5475,TRUE
0.0033966033966,TRUE,TRUE,5475,214,TRUE
0.00469483568075,TRUE,TRUE,214,200,TRUE
0.0125786163522,TRUE,TRUE,200,1167,TRUE
0.00854700854701,TRUE,TRUE,157,6154,TRUE
0.000241662638956,TRUE,TRUE,6154,42,TRUE
0.677419354839,TRUE,FALSE,42,269,FALSE
0.28807057921,TRUE,TRUE,2989,3971,TRUE
0.00480961923848,TRUE,TRUE,3971,157,TRUE
0.666666666667,TRUE,TRUE,157,1599,TRUE
0.151534526854,TRUE,FALSE,1599,7899,TRUE
0.0029792746114,FALSE,TRUE,7899,5475,TRUE
0.0003996003996,TRUE,TRUE,5475,120,TRUE
0.179245283019,TRUE,TRUE,260,260,TRUE
0.527797833935,TRUE,TRUE,1516,13025,TRUE
0.00170183798502,TRUE,TRUE,13025,153,TRUE
0.745098039216,TRUE,FALSE,153,871,FALSE
0.0756756756757,FALSE,TRUE,871,5475,TRUE
0.0433566433566,TRUE,TRUE,5475,1317,TRUE
0.00374531835206,TRUE,TRUE,1317,260,TRUE
0.179245283019,TRUE,TRUE,260,260,TRUE
0.0570323827936,TRUE,TRUE,6154,339,TRUE
0.891304347826,TRUE,TRUE,339,1599,TRUE
0.00255754475703,TRUE,TRUE,1599,111,TRUE
0.125,TRUE,TRUE,111,2989,TRUE
0.28807057921,TRUE,TRUE,2989,3971,TRUE
0.0036589516678,TRUE,TRUE,13025,137,TRUE
0.167938931298,TRUE,TRUE,137,2801,TRUE
0.0324792493685,TRUE,TRUE,2801,250,TRUE
0.00877192982456,TRUE,TRUE,250,787,TRUE
0.771283354511,TRUE,FALSE,787,789,FALSE
0.0975954738331,FALSE,TRUE,789,13025,TRUE
0.0487804878049,TRUE,TRUE,1466,6040,TRUE
0.00132275132275,TRUE,TRUE,6040,152,TRUE
0.0258620689655,TRUE,TRUE,120,250,TRUE
0.00851063829787,TRUE,TRUE,3135,106,TRUE
0.01,TRUE,TRUE,106,352,TRUE
0.43063583815,TRUE,FALSE,352,1315,FALSE
0.000752445447705,TRUE,TRUE,1346,100,TRUE
0.36,TRUE,FALSE,100,214,FALSE
0.0243902439024,FALSE,TRUE,214,2348,TRUE
0.416058394161,TRUE,FALSE,2348,7899,TRUE
0.020725388601,FALSE,TRUE,7899,172,TRUE
0.0482471068754,TRUE,TRUE,13025,1121,TRUE
0.00870406189555,TRUE,TRUE,1121,352,TRUE
0.43063583815,TRUE,FALSE,352,1315,FALSE
0.148066298343,FALSE,TRUE,1315,5475,TRUE
0.00839160839161,TRUE,TRUE,5475,309,TRUE
0.257731958763,TRUE,TRUE,309,2348,TRUE
0.416058394161,TRUE,FALSE,2348,7899,TRUE
0.020725388601,FALSE,TRUE,7899,172,TRUE
0.00433968686181,TRUE,TRUE,13025,309,TRUE
0.00343642611684,TRUE,TRUE,309,172,TRUE
0.114306428226,TRUE,TRUE,6154,2687,TRUE
0.506307821699,TRUE,TRUE,2687,13025,TRUE
0.0482471068754,TRUE,TRUE,13025,1121,TRUE
0.00870406189555,TRUE,TRUE,1121,352,TRUE
0.43063583815,TRUE,FALSE,352,1315,FALSE
0.148066298343,FALSE,TRUE,1315,5475,TRUE
0.0455544455544,TRUE,TRUE,5475,2687,TRUE
0.506307821699,TRUE,TRUE,2687,13025,TRUE
0.0482471068754,TRUE,TRUE,13025,1121,TRUE
0.00870406189555,TRUE,TRUE,1121,352,TRUE
0.43063583815,TRUE,FALSE,352,1315,FALSE
0.148066298343,FALSE,TRUE,1315,5475,TRUE
0.0033966033966,TRUE,TRUE,5475,87,TRUE
0.443037974684,TRUE,TRUE,87,1167,TRUE
0.43063583815,TRUE,FALSE,352,1315,FALSE
0.00110497237569,FALSE,TRUE,1315,87,TRUE
0.443037974684,TRUE,TRUE,87,1167,TRUE
0.410510659395,FALSE,TRUE,2099,2038,FALSE
0.797272727273,TRUE,FALSE,1100,898,FALSE
0.0890052356021,FALSE,TRUE,898,6154,TRUE
0.0376993716771,TRUE,FALSE,6154,7880,TRUE
0.0672510794191,FALSE,TRUE,7880,514,FALSE
0.212765957447,TRUE,FALSE,514,7899,TRUE
0.0121761658031,FALSE,TRUE,7899,236,TRUE
0.00584795321637,TRUE,TRUE,281,24,TRUE
0.833333333333,TRUE,FALSE,24,1610,FALSE
0.00225733634312,TRUE,TRUE,446,190,TRUE
0.114306428226,TRUE,TRUE,6154,2687,TRUE
0.506307821699,TRUE,TRUE,2687,13025,TRUE
0.0482471068754,TRUE,TRUE,13025,1121,TRUE
0.0145067698259,TRUE,TRUE,1121,3971,TRUE
0.0120240480962,TRUE,TRUE,3971,1502,TRUE
0.010101010101,TRUE,TRUE,101,170,TRUE
0.364705882353,TRUE,FALSE,170,934,FALSE
0.00505050505051,TRUE,FALSE,421,510,TRUE
0.0144329896907,FALSE,TRUE,510,11,FALSE
0.777777777778,TRUE,FALSE,11,104,FALSE
0.0833333333333,TRUE,TRUE,23,211,TRUE
0.00269023827825,TRUE,TRUE,2618,369,TRUE
0.238482384824,TRUE,FALSE,369,126,FALSE
0.00892857142857,FALSE,TRUE,126,33,TRUE
0.030303030303,TRUE,FALSE,33,188,FALSE
0.00757575757576,FALSE,TRUE,188,62,TRUE
0.00916530278232,TRUE,TRUE,3135,595,TRUE
0.00848896434635,TRUE,TRUE,595,331,TRUE
0.0223880597015,TRUE,TRUE,331,1209,TRUE
0.0382165605096,TRUE,TRUE,172,685,TRUE
0.129385964912,TRUE,FALSE,685,2907,TRUE
0.100148367953,FALSE,TRUE,2907,1930,TRUE
0.0756533700138,TRUE,TRUE,905,1488,TRUE
0.536248561565,FALSE,TRUE,869,466,FALSE
0.0266075388027,TRUE,TRUE,466,1930,TRUE
0.0010162601626,TRUE,TRUE,1930,369,TRUE
0.238482384824,TRUE,FALSE,369,126,FALSE
0.17351377477,TRUE,TRUE,6154,2989,TRUE
0.00997314921366,TRUE,FALSE,2989,2907,TRUE
0.100148367953,FALSE,TRUE,2907,1930,TRUE
0.00169635284139,TRUE,TRUE,1221,1100,TRUE
0.0463636363636,TRUE,FALSE,1100,51,FALSE
0.0487804878049,FALSE,TRUE,51,31,TRUE
0.000241662638956,TRUE,TRUE,6154,100,TRUE
0.36,TRUE,FALSE,100,214,FALSE
0.202920830131,TRUE,FALSE,2618,7880,TRUE
0.0133455449431,FALSE,TRUE,7880,568,TRUE
0.0184615384615,TRUE,TRUE,568,1729,TRUE
0.073778664008,TRUE,TRUE,1729,5475,TRUE
0.001998001998,TRUE,TRUE,5475,66,TRUE
0.1,TRUE,TRUE,66,2348,TRUE
0.03125,TRUE,TRUE,71,211,TRUE
0.106456571868,TRUE,TRUE,2618,1488,TRUE
0.0135644310475,TRUE,TRUE,1488,465,TRUE
0.268817204301,TRUE,FALSE,465,802,FALSE
0.05,FALSE,FALSE,802,7880,TRUE
0.000261677351825,FALSE,TRUE,7880,78,TRUE
0.015873015873,TRUE,TRUE,78,211,TRUE
0.00662251655629,TRUE,TRUE,1492,1930,TRUE
0.0365853658537,TRUE,TRUE,1930,1516,TRUE
0.00361010830325,TRUE,TRUE,1516,4661,TRUE
0.0012247397428,TRUE,TRUE,4661,214,TRUE
0.18779342723,TRUE,FALSE,214,49,FALSE
0.17351377477,TRUE,TRUE,6154,2989,TRUE
0.28807057921,TRUE,TRUE,2989,3971,TRUE
0.00157232704403,TRUE,TRUE,1341,14,TRUE
0.5,TRUE,TRUE,14,5475,TRUE
0.014985014985,TRUE,TRUE,5475,1315,TRUE
0.00331491712707,TRUE,TRUE,1315,1363,TRUE
0.000722804481388,FALSE,TRUE,2848,2,TRUE
1.0,TRUE,FALSE,2,7880,TRUE
0.0262985738584,FALSE,TRUE,7880,604,FALSE
0.000361402240694,FALSE,FALSE,2848,201,TRUE
0.10650887574,FALSE,TRUE,201,23,FALSE
0.214285714286,TRUE,TRUE,23,1315,TRUE
0.00552486187845,TRUE,TRUE,1315,1188,TRUE
0.0684684684685,TRUE,FALSE,1188,7880,TRUE
0.000785032055476,FALSE,TRUE,7880,10,TRUE
0.0595482546201,TRUE,FALSE,490,7880,TRUE
0.00170090278686,FALSE,TRUE,7880,213,TRUE
0.0469483568075,TRUE,FALSE,213,348,FALSE
0.020618556701,FALSE,TRUE,348,72,TRUE
0.0714285714286,TRUE,TRUE,72,773,TRUE
0.0847457627119,TRUE,TRUE,773,1363,TRUE
0.45,TRUE,FALSE,21,7880,TRUE
0.00353264424964,FALSE,TRUE,7880,194,TRUE
0.020618556701,TRUE,FALSE,194,187,FALSE
0.0875,FALSE,TRUE,187,1209,TRUE
0.253658536585,TRUE,TRUE,1209,1599,TRUE
0.000361402240694,FALSE,TRUE,2848,2,TRUE
0.5,TRUE,TRUE,2,6040,TRUE
0.00132275132275,TRUE,TRUE,6040,280,TRUE
0.0334572490706,TRUE,FALSE,280,131,FALSE
0.0697674418605,FALSE,FALSE,131,802,FALSE
0.00192307692308,FALSE,TRUE,802,1188,TRUE
0.0153153153153,TRUE,TRUE,1188,525,TRUE
0.57012195122,TRUE,TRUE,1466,13025,TRUE
0.0038291354663,TRUE,TRUE,13025,284,TRUE
0.0473933649289,TRUE,TRUE,284,3971,TRUE
0.000850918992512,TRUE,TRUE,13025,98,TRUE
0.224489795918,TRUE,TRUE,98,6040,TRUE
0.0514981273408,TRUE,TRUE,1317,1221,TRUE
0.133163698049,TRUE,TRUE,1221,6040,TRUE
0.0514981273408,TRUE,TRUE,1317,1221,TRUE
0.0101781170483,TRUE,TRUE,1221,6154,TRUE
0.00700821652972,TRUE,TRUE,6154,76,TRUE
0.762711864407,TRUE,TRUE,76,4208,TRUE
0.00145313635263,TRUE,TRUE,4208,89,TRUE
0.0483870967742,TRUE,TRUE,89,5475,TRUE
0.0027972027972,TRUE,TRUE,5475,93,TRUE
0.0128205128205,TRUE,TRUE,93,9,TRUE
0.17351377477,TRUE,TRUE,6154,2989,TRUE
0.0575373993096,TRUE,TRUE,2989,1557,TRUE
0.00700821652972,TRUE,TRUE,6154,76,TRUE
0.762711864407,TRUE,TRUE,76,4208,TRUE
0.527797833935,TRUE,TRUE,1516,13025,TRUE
0.00212729748128,TRUE,TRUE,13025,121,TRUE
1.0,TRUE,FALSE,121,638,FALSE
0.0534653465347,FALSE,TRUE,638,648,TRUE
0.333858267717,TRUE,FALSE,648,7899,TRUE
0.00919689119171,FALSE,TRUE,7899,211,TRUE
0.17351377477,TRUE,TRUE,6154,2989,TRUE
0.0575373993096,TRUE,TRUE,2989,1557,TRUE
0.0480710349051,TRUE,TRUE,4661,2618,TRUE
0.202920830131,TRUE,FALSE,2618,7880,TRUE
0.0010467094073,FALSE,TRUE,7880,95,TRUE
0.657142857143,TRUE,FALSE,95,465,TRUE
0.109677419355,FALSE,TRUE,465,86,FALSE
0.588235294118,TRUE,FALSE,86,439,FALSE
0.00113895216401,TRUE,TRUE,1470,95,TRUE
0.657142857143,TRUE,FALSE,95,465,TRUE
0.109677419355,FALSE,TRUE,465,86,FALSE
0.588235294118,TRUE,FALSE,86,439,FALSE
0.00947867298578,TRUE,TRUE,284,464,TRUE
0.147826086957,TRUE,FALSE,464,1610,FALSE
0.0107047279215,FALSE,TRUE,1610,98,TRUE
0.336734693878,TRUE,FALSE,98,464,FALSE
0.00102249488753,TRUE,FALSE,1054,7899,TRUE
0.010103626943,FALSE,TRUE,7899,464,TRUE
0.147826086957,TRUE,FALSE,464,1610,FALSE
0.0107047279215,FALSE,TRUE,1610,98,TRUE
0.336734693878,TRUE,FALSE,98,464,FALSE
0.00229357798165,FALSE,TRUE,464,284,TRUE
0.0408921933086,TRUE,TRUE,4027,1445,TRUE
0.149721448468,TRUE,TRUE,1445,1021,TRUE
0.753303964758,TRUE,TRUE,1021,5475,TRUE
0.00519480519481,TRUE,TRUE,5475,284,TRUE
0.0379146919431,TRUE,TRUE,284,5475,TRUE
0.0561438561439,TRUE,FALSE,5475,7899,TRUE
0.010103626943,FALSE,TRUE,7899,464,TRUE
0.147826086957,TRUE,FALSE,464,1610,FALSE
0.0107047279215,FALSE,TRUE,1610,98,TRUE
0.336734693878,TRUE,FALSE,98,464,FALSE
0.202920830131,TRUE,FALSE,2618,7880,TRUE
0.0133455449431,FALSE,TRUE,7880,568,TRUE
0.0523076923077,TRUE,FALSE,568,4208,TRUE
0.00653911358682,FALSE,TRUE,4208,27,FALSE
0.0202518720218,TRUE,TRUE,13025,573,TRUE
0.0202205882353,TRUE,TRUE,573,2038,TRUE
0.0361635220126,TRUE,TRUE,1341,1054,TRUE
0.0163599182004,TRUE,TRUE,1054,2038,TRUE
0.00782122905028,TRUE,TRUE,2038,464,TRUE
0.0045871559633,TRUE,TRUE,464,1100,TRUE
0.797272727273,TRUE,FALSE,1100,898,FALSE
0.00261780104712,FALSE,TRUE,898,573,TRUE
0.0202205882353,TRUE,TRUE,573,2038,TRUE
0.00111731843575,TRUE,TRUE,2038,101,TRUE
0.0144329896907,FALSE,TRUE,510,11,FALSE
0.777777777778,TRUE,FALSE,11,104,FALSE
0.0925925925926,TRUE,TRUE,436,1221,TRUE
0.0271416454623,TRUE,TRUE,1221,13025,TRUE
0.00862068965517,TRUE,TRUE,120,1341,TRUE
0.0408805031447,TRUE,TRUE,1341,859,TRUE
0.00374531835206,TRUE,TRUE,859,262,TRUE
0.548780487805,TRUE,FALSE,262,439,FALSE
0.13353115727,FALSE,FALSE,439,7899,TRUE
0.00323834196891,FALSE,TRUE,7899,100,TRUE
0.36,TRUE,FALSE,100,214,FALSE
0.182634730539,TRUE,TRUE,336,3971,TRUE
0.000384319754035,TRUE,TRUE,2618,791,TRUE
0.838179519595,TRUE,FALSE,791,846,FALSE
0.00136425648022,FALSE,TRUE,846,174,TRUE
0.666666666667,TRUE,FALSE,174,145,FALSE
0.00990099009901,FALSE,TRUE,145,284,TRUE
0.00473933649289,TRUE,TRUE,284,3,TRUE
0.2605893186,TRUE,TRUE,1093,3971,TRUE
0.00178692988428,TRUE,TRUE,13025,172,TRUE
0.0127388535032,TRUE,TRUE,172,525,TRUE
0.0196850393701,TRUE,TRUE,525,220,TRUE
0.816326530612,TRUE,FALSE,220,187,FALSE
0.1375,FALSE,FALSE,187,2907,TRUE
0.100148367953,FALSE,TRUE,2907,1930,TRUE
0.0111788617886,TRUE,TRUE,1930,1100,TRUE
0.797272727273,TRUE,FALSE,1100,898,FALSE
0.00963391136802,TRUE,TRUE,582,1100,TRUE
0.797272727273,TRUE,FALSE,1100,898,FALSE
0.113924050633,TRUE,TRUE,160,1729,TRUE
0.506307821699,TRUE,TRUE,2687,13025,TRUE
0.0410993873383,TRUE,TRUE,13025,4661,TRUE
0.0101041028781,TRUE,TRUE,4661,1557,TRUE
0.129612961296,TRUE,TRUE,1557,1729,TRUE
0.078,TRUE,TRUE,927,6154,TRUE
0.0954567423876,TRUE,TRUE,6154,1516,TRUE
0.527797833935,TRUE,TRUE,1516,13025,TRUE
0.00144656228727,TRUE,TRUE,13025,79,TRUE
0.607594936709,TRUE,FALSE,79,565,FALSE
0.212307692308,TRUE,TRUE,335,2801,TRUE
0.00360880548538,TRUE,TRUE,2801,123,TRUE
0.747368421053,TRUE,TRUE,123,1599,TRUE
0.0179028132992,TRUE,TRUE,1599,274,TRUE
0.867647058824,TRUE,FALSE,274,564,FALSE
0.182634730539,TRUE,TRUE,336,3971,TRUE
0.234151329243,TRUE,TRUE,1054,13025,TRUE
0.00144656228727,TRUE,TRUE,13025,65,TRUE
0.145454545455,TRUE,TRUE,65,2801,TRUE
0.0238181162035,TRUE,TRUE,2801,358,TRUE
0.0123711340206,TRUE,FALSE,510,7,FALSE
0.142857142857,FALSE,TRUE,7,2038,TRUE
0.108379888268,TRUE,TRUE,2038,2348,TRUE
0.416058394161,TRUE,FALSE,2348,7899,TRUE
0.00919689119171,FALSE,TRUE,7899,211,TRUE
0.410510659395,FALSE,TRUE,2099,2038,FALSE
0.002,TRUE,TRUE,927,2989,TRUE
0.179133103184,TRUE,TRUE,2989,6040,TRUE
0.00608465608466,TRUE,TRUE,6040,281,TRUE
0.0760233918129,TRUE,FALSE,281,2848,TRUE
0.00144560896278,FALSE,TRUE,2848,35,TRUE
0.0434782608696,TRUE,FALSE,35,7880,TRUE
0.0291770247285,FALSE,TRUE,7880,223,FALSE
0.816326530612,TRUE,FALSE,220,187,FALSE
0.0625,FALSE,FALSE,187,2848,TRUE
0.000722804481388,FALSE,TRUE,2848,274,TRUE
0.867647058824,TRUE,FALSE,274,564,FALSE
0.0129449838188,FALSE,FALSE,564,2099,TRUE
0.410510659395,FALSE,TRUE,2099,2038,FALSE
0.0258215962441,TRUE,TRUE,470,2801,TRUE
0.000360880548538,TRUE,TRUE,2801,79,TRUE
0.607594936709,TRUE,FALSE,79,565,FALSE
0.00225225225225,FALSE,TRUE,565,582,TRUE
0.225433526012,TRUE,TRUE,582,1363,TRUE
0.00158856235107,TRUE,TRUE,1363,525,TRUE
0.0125936010892,TRUE,TRUE,13025,485,TRUE
0.226890756303,TRUE,TRUE,485,1315,TRUE
0.0954567423876,TRUE,TRUE,6154,1516,TRUE
0.026714801444,TRUE,TRUE,1516,331,TRUE
0.0149253731343,TRUE,TRUE,331,1167,TRUE
0.108478802993,TRUE,TRUE,1167,1930,TRUE
0.000654664484452,TRUE,TRUE,3135,66,TRUE
0.0251572327044,TRUE,TRUE,1341,573,TRUE
0.0202205882353,TRUE,TRUE,573,2038,TRUE
0.00335195530726,TRUE,TRUE,2038,558,TRUE
0.369888475836,TRUE,TRUE,558,13025,TRUE
0.000936010891763,TRUE,TRUE,13025,66,TRUE
0.00150489089541,TRUE,TRUE,1346,44,TRUE
0.233333333333,TRUE,TRUE,44,1167,TRUE
0.527797833935,TRUE,TRUE,1516,13025,TRUE
0.00953029271613,TRUE,FALSE,13025,7880,TRUE
0.00196258013869,FALSE,TRUE,7880,869,TRUE
0.0713463751438,TRUE,FALSE,869,220,FALSE
0.190476190476,FALSE,TRUE,220,40,TRUE
0.864864864865,TRUE,FALSE,40,142,FALSE
0.344086021505,FALSE,FALSE,142,203,FALSE
0.527797833935,TRUE,TRUE,1516,13025,TRUE
0.00953029271613,TRUE,FALSE,13025,7880,TRUE
0.00196258013869,FALSE,TRUE,7880,869,TRUE
0.0713463751438,TRUE,FALSE,869,220,FALSE
0.190476190476,FALSE,TRUE,220,40,TRUE
0.864864864865,TRUE,FALSE,40,142,FALSE
0.344086021505,FALSE,FALSE,142,203,FALSE
0.571428571429,TRUE,FALSE,14,802,FALSE
0.0153846153846,FALSE,FALSE,802,44,FALSE
0.101788170564,TRUE,TRUE,905,2687,TRUE
0.506307821699,TRUE,TRUE,2687,13025,TRUE
0.0288461538462,TRUE,TRUE,13025,1363,TRUE
0.156473391581,TRUE,TRUE,1363,5475,TRUE
0.002997002997,TRUE,TRUE,5475,128,TRUE
0.0162601626016,TRUE,TRUE,128,2801,TRUE
0.00649584987369,TRUE,TRUE,2801,211,TRUE
0.0954567423876,TRUE,TRUE,6154,1516,TRUE
0.527797833935,TRUE,TRUE,1516,13025,TRUE
0.0211027910143,TRUE,TRUE,13025,526,TRUE
0.0408921933086,TRUE,TRUE,4027,1445,TRUE
0.00348189415042,TRUE,TRUE,1445,1363,TRUE
0.138204924543,TRUE,FALSE,1363,7880,TRUE
0.000915870731388,FALSE,TRUE,7880,40,TRUE
0.864864864865,TRUE,FALSE,40,142,FALSE
0.344086021505,FALSE,FALSE,142,203,FALSE
0.0480710349051,TRUE,TRUE,4661,2618,TRUE
0.00691775557264,TRUE,TRUE,2618,4661,TRUE
0.000612369871402,TRUE,TRUE,4661,131,TRUE
0.728682170543,TRUE,FALSE,131,1610,FALSE
0.00765827093261,TRUE,TRUE,13025,429,TRUE
0.00729927007299,TRUE,TRUE,429,29,TRUE
0.862068965517,TRUE,FALSE,29,7880,TRUE
0.00327096689781,FALSE,TRUE,7880,131,TRUE
0.728682170543,TRUE,FALSE,131,1610,FALSE
0.00267618198037,FALSE,FALSE,1610,68,TRUE
0.0294117647059,FALSE,TRUE,68,8,FALSE
0.25,TRUE,FALSE,8,95,FALSE
0.0393700787402,TRUE,TRUE,127,1317,TRUE
0.0102996254682,TRUE,TRUE,1317,979,TRUE
0.00704225352113,TRUE,TRUE,4661,352,TRUE
0.202312138728,TRUE,FALSE,352,106,FALSE
0.0515463917526,FALSE,TRUE,106,1021,TRUE
0.753303964758,TRUE,TRUE,1021,5475,TRUE
0.0327672327672,TRUE,TRUE,5475,1371,TRUE
0.00907441016334,TRUE,TRUE,1371,174,TRUE
0.797272727273,TRUE,FALSE,1100,898,FALSE
0.0183246073298,FALSE,TRUE,898,302,TRUE
0.0842490842491,TRUE,TRUE,302,1371,TRUE
0.00907441016334,TRUE,TRUE,1371,174,TRUE
0.04,TRUE,TRUE,174,5475,TRUE
0.0515463917526,TRUE,FALSE,194,10,FALSE
0.2,FALSE,TRUE,10,5475,TRUE
0.493506493506,TRUE,FALSE,96,43,FALSE
0.00216528329123,TRUE,TRUE,2801,32,TRUE
0.5,TRUE,FALSE,32,77,FALSE
0.393939393939,FALSE,FALSE,77,905,FALSE
0.00383631713555,FALSE,TRUE,905,527,TRUE
0.440227703985,TRUE,FALSE,527,727,FALSE
0.00146627565982,FALSE,TRUE,727,28,TRUE
0.0588235294118,TRUE,FALSE,28,929,TRUE
0.73173391494,FALSE,FALSE,929,1610,FALSE
0.101694915254,FALSE,TRUE,1610,556,FALSE
0.0697969543147,TRUE,TRUE,813,1054,TRUE
0.234151329243,TRUE,TRUE,1054,13025,TRUE
0.000255275697754,TRUE,TRUE,13025,85,TRUE
0.0697969543147,TRUE,TRUE,813,1054,TRUE
0.234151329243,TRUE,TRUE,1054,13025,TRUE
0.000255275697754,TRUE,TRUE,13025,85,TRUE
0.294206170053,TRUE,TRUE,1346,6040,TRUE
0.00026455026455,TRUE,TRUE,6040,182,TRUE
0.0460347174949,TRUE,TRUE,13025,3135,TRUE
0.0494271685761,TRUE,TRUE,3135,2024,TRUE
0.066211245402,TRUE,TRUE,2024,929,TRUE
0.73173391494,TRUE,FALSE,929,1610,FALSE
0.150758251561,FALSE,FALSE,1610,799,FALSE
0.109756097561,FALSE,TRUE,799,311,TRUE
0.0460526315789,TRUE,TRUE,311,5475,TRUE
0.030969030969,TRUE,TRUE,5475,1346,TRUE
0.0210684725357,TRUE,FALSE,1346,2907,TRUE
0.330118694362,FALSE,FALSE,2907,7899,TRUE
0.0107512953368,FALSE,TRUE,7899,182,TRUE
0.0175438596491,TRUE,TRUE,182,2687,TRUE
0.506307821699,TRUE,TRUE,2687,13025,TRUE
0.17351377477,TRUE,TRUE,6154,2989,TRUE
0.28807057921,TRUE,TRUE,2989,3971,TRUE
0.222322232223,TRUE,TRUE,1557,2989,TRUE
0.0176448024549,TRUE,TRUE,2989,2801,TRUE
0.000721761097077,TRUE,TRUE,2801,40,TRUE
0.864864864865,TRUE,FALSE,40,142,FALSE
0.344086021505,FALSE,FALSE,142,203,FALSE
0.00800686302545,TRUE,TRUE,4027,663,TRUE
0.00306748466258,TRUE,TRUE,663,1100,TRUE
0.797272727273,TRUE,FALSE,1100,898,FALSE
0.00261780104712,FALSE,TRUE,898,40,TRUE
0.864864864865,TRUE,FALSE,40,142,FALSE
0.344086021505,FALSE,FALSE,142,203,FALSE
0.00840336134454,FALSE,FALSE,203,2099,TRUE
0.410510659395,FALSE,TRUE,2099,2038,FALSE
0.85873605948,TRUE,FALSE,280,384,FALSE
0.00785597381342,TRUE,TRUE,3135,137,TRUE
0.0229007633588,TRUE,TRUE,137,525,TRUE
0.0216535433071,TRUE,TRUE,525,56,TRUE
0.0288461538462,TRUE,TRUE,13025,1363,TRUE
0.000794281175536,TRUE,TRUE,1363,137,TRUE
0.00763358778626,TRUE,TRUE,137,122,TRUE
0.440227703985,TRUE,FALSE,527,727,FALSE
0.0909090909091,FALSE,TRUE,727,3971,TRUE
0.00480961923848,TRUE,TRUE,3971,157,TRUE
0.666666666667,TRUE,TRUE,157,1599,TRUE
0.0645780051151,TRUE,TRUE,1599,2801,TRUE
0.00180440274269,TRUE,TRUE,2801,42,TRUE
0.677419354839,TRUE,FALSE,42,269,FALSE
0.016933287951,TRUE,TRUE,13025,1317,TRUE
0.0514981273408,TRUE,TRUE,1317,1221,TRUE
0.133163698049,TRUE,TRUE,1221,6040,TRUE
0.0416666666667,TRUE,TRUE,436,1317,TRUE
0.0514981273408,TRUE,TRUE,1317,1221,TRUE
0.133163698049,TRUE,TRUE,1221,6040,TRUE
0.0545685279188,TRUE,TRUE,813,1466,TRUE
0.57012195122,TRUE,TRUE,1466,13025,TRUE
0.016252552757,TRUE,TRUE,13025,1221,TRUE
0.0161153519932,TRUE,TRUE,1221,685,TRUE
0.129385964912,TRUE,FALSE,685,2907,TRUE
0.100148367953,FALSE,TRUE,2907,1930,TRUE
0.0993150684932,TRUE,TRUE,294,1729,TRUE
0.0261564543473,TRUE,TRUE,4208,139,TRUE
0.0315789473684,TRUE,TRUE,139,527,TRUE
0.00961538461538,TRUE,TRUE,527,414,TRUE
0.0459183673469,TRUE,FALSE,414,638,FALSE
0.0697969543147,TRUE,TRUE,813,1054,TRUE
0.0102249488753,TRUE,TRUE,1054,1341,TRUE
0.00235849056604,TRUE,TRUE,1341,1492,TRUE
0.00473036896878,TRUE,TRUE,1492,5475,TRUE
0.000799200799201,TRUE,FALSE,5475,787,TRUE
0.00889453621347,FALSE,TRUE,787,791,FALSE
0.00252844500632,TRUE,FALSE,791,905,FALSE
0.00127877237852,FALSE,TRUE,905,36,TRUE
0.0954567423876,TRUE,TRUE,6154,1516,TRUE
0.527797833935,TRUE,TRUE,1516,13025,TRUE
0.0211027910143,TRUE,TRUE,13025,526,TRUE
0.025706940874,FALSE,TRUE,783,446,FALSE
0.038374717833,TRUE,FALSE,446,104,FALSE
0.154336734694,TRUE,TRUE,979,2989,TRUE
0.0414269275029,TRUE,FALSE,2989,7880,TRUE
0.00143922543504,FALSE,FALSE,7880,783,TRUE
0.025706940874,FALSE,TRUE,783,446,FALSE
0.038374717833,TRUE,FALSE,446,104,FALSE
0.176344086022,TRUE,TRUE,621,2989,TRUE
0.28807057921,TRUE,TRUE,2989,3971,TRUE
0.16339869281,TRUE,FALSE,306,758,FALSE
0.0277777777778,TRUE,TRUE,434,163,TRUE
0.0963855421687,TRUE,TRUE,163,174,TRUE
0.0121555915721,TRUE,TRUE,1273,194,TRUE
0.016393442623,TRUE,TRUE,194,174,TRUE
0.0533333333333,TRUE,FALSE,174,2907,TRUE
0.000741839762611,FALSE,FALSE,2907,28,TRUE
0.214285714286,FALSE,TRUE,28,23,FALSE
0.423658872077,TRUE,TRUE,905,3135,TRUE
0.143698854337,TRUE,TRUE,3135,13025,TRUE
0.00306330837304,TRUE,TRUE,13025,907,TRUE
0.0373395565928,TRUE,TRUE,907,4027,TRUE
0.167000285959,TRUE,FALSE,4027,905,FALSE
0.176470588235,FALSE,TRUE,905,1508,TRUE
0.105042016807,TRUE,FALSE,1508,2848,TRUE
0.0137332851464,FALSE,TRUE,2848,433,TRUE
0.56836461126,TRUE,TRUE,433,1188,TRUE
0.163063063063,TRUE,FALSE,1188,7899,TRUE
0.00427461139896,FALSE,TRUE,7899,122,TRUE
0.033526208305,TRUE,TRUE,13025,1054,TRUE
0.0347648261759,TRUE,TRUE,1054,1221,TRUE
0.133163698049,TRUE,TRUE,1221,6040,TRUE
0.016933287951,TRUE,TRUE,13025,1317,TRUE
0.0514981273408,TRUE,TRUE,1317,1221,TRUE
0.133163698049,TRUE,TRUE,1221,6040,TRUE
0.238482384824,TRUE,FALSE,369,126,FALSE
0.00892857142857,FALSE,TRUE,126,21,TRUE
1.0,TRUE,TRUE,21,62,TRUE
0.57012195122,TRUE,TRUE,1466,13025,TRUE
0.016252552757,TRUE,TRUE,13025,1221,TRUE
0.0907548770144,TRUE,FALSE,1221,7899,TRUE
0.00427461139896,FALSE,TRUE,7899,122,TRUE
0.154336734694,TRUE,TRUE,979,2989,TRUE
0.179133103184,TRUE,TRUE,2989,6040,TRUE
0.305970149254,TRUE,TRUE,331,1516,TRUE
0.0028880866426,TRUE,TRUE,1516,369,TRUE
0.238482384824,TRUE,FALSE,369,126,FALSE
0.00892857142857,FALSE,TRUE,126,48,TRUE
0.238482384824,TRUE,FALSE,369,126,FALSE
0.0178571428571,FALSE,FALSE,126,2848,TRUE
0.00252981568486,FALSE,TRUE,2848,352,TRUE
0.202312138728,TRUE,FALSE,352,106,FALSE
0.694760820046,TRUE,TRUE,464,13025,TRUE
0.0288461538462,TRUE,TRUE,13025,1363,TRUE
0.156473391581,TRUE,TRUE,1363,5475,TRUE
0.0337662337662,TRUE,TRUE,5475,2024,TRUE
0.0241723594325,TRUE,TRUE,2024,2801,TRUE
0.00252616383977,TRUE,TRUE,2801,48,TRUE
0.047619047619,TRUE,TRUE,48,2348,TRUE
0.416058394161,TRUE,FALSE,2348,7899,TRUE
0.00919689119171,FALSE,TRUE,7899,211,TRUE
0.0151515151515,TRUE,FALSE,211,10,FALSE
0.2,FALSE,TRUE,10,5475,TRUE
0.369230769231,TRUE,TRUE,260,1492,TRUE
0.081362346263,TRUE,TRUE,1492,573,TRUE
0.00527240773286,TRUE,TRUE,573,1930,TRUE
0.0365853658537,TRUE,TRUE,1930,1516,TRUE
0.00505415162455,TRUE,TRUE,1516,929,TRUE
0.73173391494,TRUE,FALSE,929,1610,FALSE
0.00178412132025,FALSE,TRUE,1610,214,TRUE
0.18779342723,TRUE,FALSE,214,49,FALSE
0.136363636364,FALSE,FALSE,49,2907,TRUE
0.00741839762611,FALSE,TRUE,2907,1557,TRUE
0.004500450045,TRUE,TRUE,1557,211,TRUE
0.17351377477,TRUE,TRUE,6154,2989,TRUE
0.28807057921,TRUE,TRUE,2989,3971,TRUE
0.0480710349051,TRUE,TRUE,4661,2618,TRUE
0.202920830131,TRUE,FALSE,2618,7880,TRUE
0.000392516027738,FALSE,TRUE,7880,26,TRUE
0.269230769231,TRUE,TRUE,93,2801,TRUE
0.00757849151931,TRUE,TRUE,2801,210,TRUE
0.00497512437811,TRUE,TRUE,210,32,TRUE
0.136363636364,TRUE,TRUE,32,23,TRUE
0.1875,TRUE,FALSE,23,439,FALSE
0.000936329588015,TRUE,TRUE,1317,93,TRUE
0.179487179487,TRUE,FALSE,93,7899,TRUE
0.000518134715026,FALSE,TRUE,7899,32,TRUE
0.136363636364,TRUE,TRUE,32,23,TRUE
0.1875,TRUE,FALSE,23,439,FALSE
0.00161674608577,TRUE,TRUE,13025,214,TRUE
0.12676056338,TRUE,FALSE,214,7899,TRUE
0.000518134715026,FALSE,TRUE,7899,32,TRUE
0.136363636364,TRUE,TRUE,32,23,TRUE
0.1875,TRUE,FALSE,23,439,FALSE
0.00296735905045,FALSE,TRUE,439,1167,TRUE
0.00621761658031,FALSE,TRUE,7899,174,TRUE
0.0121951219512,TRUE,TRUE,174,453,TRUE
0.862385321101,TRUE,FALSE,453,727,FALSE
0.058651026393,FALSE,TRUE,727,1121,TRUE
0.0435203094778,TRUE,TRUE,1121,929,TRUE
0.73173391494,TRUE,FALSE,929,1610,FALSE
0.00267618198037,FALSE,TRUE,1610,274,TRUE
0.867647058824,TRUE,FALSE,274,564,FALSE
0.00323624595469,FALSE,TRUE,564,470,TRUE
0.103286384977,TRUE,TRUE,470,1341,TRUE
0.00140056022409,TRUE,TRUE,1508,130,TRUE
0.869230769231,TRUE,FALSE,130,134,FALSE
0.106456571868,TRUE,TRUE,2618,1488,TRUE
0.122079879427,TRUE,FALSE,1488,7880,TRUE
0.00235509616643,FALSE,FALSE,7880,937,TRUE
0.0644122383253,FALSE,TRUE,937,64,FALSE
0.216216216216,TRUE,FALSE,156,875,TRUE
0.0247452692868,FALSE,TRUE,875,6154,TRUE
0.0118414693088,TRUE,TRUE,6154,3971,TRUE
0.0380761523046,TRUE,TRUE,3971,2989,TRUE
0.202920830131,TRUE,FALSE,2618,7880,TRUE
0.0010467094073,FALSE,TRUE,7880,95,TRUE
0.657142857143,TRUE,FALSE,95,465,TRUE
0.109677419355,FALSE,TRUE,465,86,FALSE
0.588235294118,TRUE,FALSE,86,439,FALSE
0.0157119476268,TRUE,TRUE,3135,74,TRUE
0.17351377477,TRUE,TRUE,6154,2989,TRUE
0.179133103184,TRUE,TRUE,2989,6040,TRUE
0.0021164021164,TRUE,TRUE,6040,526,TRUE
0.0644122383253,FALSE,TRUE,937,64,FALSE
0.166666666667,TRUE,TRUE,64,2989,TRUE
0.00153433064825,TRUE,TRUE,2989,137,TRUE
0.0398743354277,TRUE,TRUE,6154,470,TRUE
0.223004694836,TRUE,TRUE,470,6040,TRUE
0.00238095238095,TRUE,TRUE,6040,2687,TRUE
0.00756938603869,TRUE,TRUE,2687,558,TRUE
0.0390334572491,TRUE,TRUE,558,6040,TRUE
0.00026455026455,TRUE,TRUE,6040,16,TRUE
0.506307821699,TRUE,TRUE,2687,13025,TRUE
0.00229748127978,TRUE,TRUE,13025,1508,TRUE
0.0224089635854,TRUE,FALSE,1508,7880,TRUE
0.000915870731388,FALSE,TRUE,7880,20,TRUE
0.142857142857,TRUE,TRUE,20,137,TRUE
0.251150399612,TRUE,TRUE,4208,3135,TRUE
0.00360065466448,TRUE,TRUE,3135,1508,TRUE
0.0224089635854,TRUE,FALSE,1508,7880,TRUE
0.000915870731388,FALSE,TRUE,7880,20,TRUE
0.018028385117,TRUE,TRUE,2989,1930,TRUE
0.0325203252033,TRUE,FALSE,1930,7880,TRUE
0.000915870731388,FALSE,TRUE,7880,20,TRUE
0.142857142857,TRUE,TRUE,20,2348,TRUE
0.0187695516163,TRUE,TRUE,2348,1930,TRUE
0.0571646341463,TRUE,TRUE,1466,1341,TRUE
0.00550314465409,TRUE,TRUE,1341,1363,TRUE
0.04447974583,TRUE,FALSE,1363,7899,TRUE
0.00997409326425,FALSE,TRUE,7899,252,TRUE
0.84126984127,TRUE,FALSE,252,1552,FALSE
0.114306428226,TRUE,TRUE,6154,2687,TRUE
0.506307821699,TRUE,TRUE,2687,13025,TRUE
0.0166780122532,TRUE,TRUE,13025,1492,TRUE
0.0151371807001,TRUE,FALSE,1492,2907,TRUE
0.100148367953,FALSE,TRUE,2907,1930,TRUE
0.0382653061224,TRUE,TRUE,979,470,TRUE
0.107981220657,TRUE,FALSE,470,7899,TRUE
0.000388601036269,FALSE,TRUE,7899,58,TRUE
0.189655172414,TRUE,FALSE,58,439,FALSE
0.00296735905045,FALSE,TRUE,439,1317,TRUE
0.234151329243,TRUE,TRUE,1054,13025,TRUE
0.021017699115,TRUE,TRUE,13025,1346,TRUE
0.294206170053,TRUE,TRUE,1346,6040,TRUE
0.0462962962963,TRUE,TRUE,6040,2348,TRUE
0.234151329243,TRUE,TRUE,1054,13025,TRUE
0.021017699115,TRUE,TRUE,13025,1346,TRUE
0.0985703536494,TRUE,TRUE,1346,685,TRUE
0.129385964912,TRUE,FALSE,685,2907,TRUE
0.100148367953,FALSE,TRUE,2907,1930,TRUE
0.0319689997578,TRUE,TRUE,4208,165,TRUE
0.447204968944,TRUE,TRUE,165,13025,TRUE
0.00153165418652,TRUE,TRUE,13025,160,TRUE
0.31875,TRUE,FALSE,160,789,FALSE
0.039603960396,FALSE,TRUE,789,2687,TRUE
0.0929352396972,TRUE,TRUE,2687,6040,TRUE
0.00691775557264,TRUE,TRUE,2618,4661,TRUE
0.000306184935701,TRUE,TRUE,4661,58,TRUE
0.189655172414,TRUE,FALSE,58,439,FALSE
0.00296735905045,FALSE,TRUE,439,1502,TRUE
0.0161030595813,TRUE,TRUE,1502,3971,TRUE
0.515151515152,TRUE,TRUE,66,4208,TRUE
0.0123516589973,TRUE,TRUE,4208,1346,TRUE
0.0300978179082,TRUE,TRUE,1346,1557,TRUE
0.00900090009001,TRUE,TRUE,1557,493,TRUE
0.0654205607477,TRUE,TRUE,493,1930,TRUE
0.0148059904697,TRUE,TRUE,13025,787,TRUE
0.771283354511,TRUE,FALSE,787,789,FALSE
0.001414427157,FALSE,TRUE,789,198,TRUE
0.066265060241,TRUE,TRUE,198,979,TRUE
0.0918367346939,TRUE,TRUE,979,13025,TRUE
0.0159972770592,TRUE,FALSE,13025,414,TRUE
0.0637755102041,FALSE,TRUE,414,1021,TRUE
0.0038291354663,TRUE,TRUE,13025,284,TRUE
0.0142180094787,TRUE,TRUE,284,2801,TRUE
0.00830025261638,TRUE,TRUE,2801,274,TRUE
0.867647058824,TRUE,FALSE,274,564,FALSE
0.0388349514563,FALSE,FALSE,564,2848,TRUE
0.0285507770148,FALSE,TRUE,2848,436,TRUE
0.0115740740741,TRUE,TRUE,436,284,TRUE
0.00473933649289,TRUE,TRUE,284,69,TRUE
0.037037037037,TRUE,TRUE,69,274,TRUE
0.867647058824,TRUE,FALSE,274,564,FALSE
0.222322232223,TRUE,TRUE,1557,2989,TRUE
0.0042194092827,TRUE,TRUE,2989,663,TRUE
0.00766871165644,TRUE,TRUE,663,274,TRUE
0.867647058824,TRUE,FALSE,274,564,FALSE
0.00970873786408,FALSE,TRUE,564,1508,TRUE
0.410510659395,FALSE,TRUE,2099,2038,FALSE
0.00223463687151,TRUE,TRUE,2038,1433,TRUE
0.00491228070175,TRUE,TRUE,1433,95,TRUE
0.527797833935,TRUE,TRUE,1516,13025,TRUE
0.0170183798502,TRUE,TRUE,13025,1021,TRUE
0.753303964758,TRUE,TRUE,1021,5475,TRUE
0.00559440559441,TRUE,TRUE,5475,501,TRUE
0.0123076923077,TRUE,FALSE,501,568,TRUE
0.0492307692308,FALSE,TRUE,568,347,FALSE
0.0673076923077,TRUE,TRUE,527,1021,TRUE
0.0264317180617,TRUE,TRUE,1021,1209,TRUE
0.694760820046,TRUE,TRUE,464,13025,TRUE
0.0288461538462,TRUE,TRUE,13025,1363,TRUE
0.0341540905481,TRUE,TRUE,1363,1108,TRUE
0.00951474785918,TRUE,TRUE,1108,80,TRUE
0.0570323827936,TRUE,TRUE,6154,339,TRUE
0.891304347826,TRUE,TRUE,339,1599,TRUE
0.00255754475703,TRUE,TRUE,1599,80,TRUE
0.109816971714,TRUE,TRUE,1250,13025,TRUE
0.00187202178353,TRUE,TRUE,13025,100,TRUE
0.06,TRUE,FALSE,100,875,TRUE
0.0349344978166,FALSE,TRUE,875,5475,TRUE
0.00839160839161,TRUE,TRUE,5475,309,TRUE
0.0515463917526,TRUE,TRUE,309,1930,TRUE
0.107225211376,TRUE,FALSE,2618,7899,TRUE
0.00414507772021,FALSE,TRUE,7899,84,TRUE
0.0526315789474,TRUE,TRUE,84,4208,TRUE
0.000726568176314,TRUE,TRUE,4208,156,TRUE
0.00675675675676,TRUE,TRUE,156,558,TRUE
0.0799256505576,TRUE,TRUE,558,4208,TRUE
0.000726568176314,TRUE,TRUE,4208,62,TRUE
0.0508474576271,TRUE,TRUE,62,787,TRUE
0.0381194409149,TRUE,FALSE,787,36,FALSE
0.00206611570248,FALSE,FALSE,484,1361,FALSE
0.000791765637371,FALSE,TRUE,1361,2,FALSE
0.5,TRUE,FALSE,2,1610,FALSE
0.2605893186,TRUE,TRUE,1093,3971,TRUE
0.202312138728,TRUE,FALSE,352,106,FALSE
0.0103092783505,FALSE,TRUE,106,934,TRUE
0.0954567423876,TRUE,TRUE,6154,1516,TRUE
0.527797833935,TRUE,TRUE,1516,13025,TRUE
0.0211027910143,TRUE,TRUE,13025,526,TRUE
0.0653266331658,TRUE,TRUE,526,1100,TRUE
0.797272727273,TRUE,FALSE,1100,898,FALSE
0.114306428226,TRUE,TRUE,6154,2687,TRUE
0.506307821699,TRUE,TRUE,2687,13025,TRUE
0.0482471068754,TRUE,TRUE,13025,1121,TRUE
0.147969052224,TRUE,FALSE,1121,7880,TRUE
0.00758864320293,FALSE,TRUE,7880,124,TRUE
0.402777777778,TRUE,FALSE,124,57,FALSE
0.037037037037,FALSE,TRUE,57,1502,TRUE
0.179133103184,TRUE,TRUE,2989,6040,TRUE
0.000793650793651,TRUE,TRUE,6040,648,TRUE
0.00156494522692,TRUE,FALSE,648,1610,FALSE
0.00624442462087,FALSE,TRUE,1610,1209,TRUE
0.0939024390244,TRUE,TRUE,1209,221,FALSE
0.57012195122,TRUE,TRUE,1466,13025,TRUE
0.0166780122532,TRUE,TRUE,13025,1492,TRUE
0.0898770104068,TRUE,FALSE,1492,7899,TRUE
0.0029792746114,FALSE,TRUE,7899,175,TRUE
0.28807057921,TRUE,TRUE,2989,3971,TRUE
0.0537074148297,TRUE,FALSE,3971,7880,TRUE
0.00235509616643,FALSE,TRUE,7880,218,TRUE
0.302752293578,TRUE,FALSE,218,871,FALSE
0.179133103184,TRUE,TRUE,2989,6040,TRUE
0.0010582010582,TRUE,TRUE,6040,104,TRUE
0.0202518720218,TRUE,TRUE,13025,573,TRUE
0.0110294117647,TRUE,TRUE,573,12,TRUE
0.3,TRUE,TRUE,12,6040,TRUE
0.00225733634312,TRUE,TRUE,1346,252,TRUE
0.84126984127,TRUE,FALSE,252,1552,FALSE
0.0302724520686,FALSE,FALSE,1552,2907,TRUE
0.0411721068249,FALSE,TRUE,2907,6040,TRUE
0.797272727273,TRUE,FALSE,1100,898,FALSE
0.00261780104712,FALSE,TRUE,898,41,TRUE
0.0285714285714,TRUE,FALSE,41,937,TRUE
0.0644122383253,FALSE,TRUE,937,64,FALSE
0.212307692308,TRUE,TRUE,335,2801,TRUE
0.00433056658246,TRUE,TRUE,2801,120,TRUE
0.0204081632653,TRUE,TRUE,120,1021,TRUE
0.00244947948561,TRUE,TRUE,4661,294,TRUE
0.0342465753425,TRUE,TRUE,294,2801,TRUE
0.00830025261638,TRUE,TRUE,2801,274,TRUE
0.867647058824,TRUE,FALSE,274,564,FALSE
0.000857878181298,TRUE,TRUE,4027,130,TRUE
0.869230769231,TRUE,FALSE,130,134,FALSE
0.047619047619,FALSE,TRUE,134,2038,TRUE
0.00111731843575,TRUE,TRUE,2038,274,TRUE
0.867647058824,TRUE,FALSE,274,564,FALSE
0.202920830131,TRUE,FALSE,2618,7880,TRUE
0.000261677351825,FALSE,TRUE,7880,18,TRUE
0.111111111111,TRUE,TRUE,18,130,TRUE
0.869230769231,TRUE,FALSE,130,134,FALSE
0.0683905268246,TRUE,TRUE,6154,1466,TRUE
0.0182926829268,TRUE,FALSE,1466,7899,TRUE
0.00388601036269,FALSE,TRUE,7899,130,TRUE
0.869230769231,TRUE,FALSE,130,134,FALSE
0.047619047619,FALSE,TRUE,134,2038,TRUE
0.17351377477,TRUE,TRUE,6154,2989,TRUE
0.28807057921,TRUE,TRUE,2989,3971,TRUE
0.202920830131,TRUE,FALSE,2618,7880,TRUE
0.00667277247154,FALSE,TRUE,7880,150,TRUE
0.0683905268246,TRUE,TRUE,6154,1466,TRUE
0.57012195122,TRUE,TRUE,1466,13025,TRUE
0.0166780122532,TRUE,TRUE,13025,1492,TRUE
0.0151371807001,TRUE,FALSE,1492,2907,TRUE
0.330118694362,FALSE,FALSE,2907,7899,TRUE
0.000906735751295,FALSE,TRUE,7899,19,TRUE
0.125,TRUE,TRUE,19,1557,TRUE
0.0738073807381,TRUE,TRUE,1557,556,TRUE
0.322164948454,TRUE,FALSE,556,281,FALSE
0.000285959393766,TRUE,TRUE,4027,29,TRUE
0.0683905268246,TRUE,TRUE,6154,1466,TRUE
0.0571646341463,TRUE,TRUE,1466,1341,TRUE
0.000786163522013,TRUE,TRUE,1341,29,TRUE
0.0124843945069,TRUE,TRUE,859,1341,TRUE
0.00235849056604,TRUE,FALSE,1341,7880,TRUE
0.0185790919796,FALSE,TRUE,7880,483,TRUE
0.0074812967581,TRUE,TRUE,483,170,TRUE
0.364705882353,TRUE,FALSE,170,934,FALSE
0.0100502512563,FALSE,TRUE,934,304,TRUE
0.00673400673401,TRUE,TRUE,304,859,TRUE
0.0124843945069,TRUE,TRUE,859,1341,TRUE
0.00235849056604,TRUE,FALSE,1341,7880,TRUE
0.046447729949,FALSE,TRUE,7880,791,TRUE
0.838179519595,TRUE,FALSE,791,846,FALSE
0.00545702592087,FALSE,TRUE,846,170,TRUE
0.364705882353,TRUE,FALSE,170,934,FALSE
0.000612369871402,TRUE,TRUE,4661,483,TRUE
0.0074812967581,TRUE,TRUE,483,170,TRUE
0.364705882353,TRUE,FALSE,170,934,FALSE
0.506307821699,TRUE,TRUE,2687,13025,TRUE
0.0482471068754,TRUE,TRUE,13025,1121,TRUE
0.31334622824,TRUE,TRUE,1121,5475,TRUE
0.0103896103896,TRUE,TRUE,5475,2038,TRUE
0.108379888268,TRUE,TRUE,2038,2348,TRUE
0.00834202294056,TRUE,TRUE,2348,1508,TRUE
0.682926829268,TRUE,FALSE,369,871,FALSE
0.00720720720721,FALSE,TRUE,871,194,TRUE
0.333333333333,TRUE,TRUE,194,5475,TRUE
0.00939060939061,TRUE,TRUE,5475,216,TRUE
0.0243902439024,TRUE,TRUE,179,98,TRUE
0.00373134328358,TRUE,FALSE,331,875,TRUE
0.0101892285298,FALSE,TRUE,875,56,TRUE
0.167512690355,TRUE,TRUE,813,306,TRUE
0.529411764706,TRUE,FALSE,306,1610,FALSE
0.00446030330062,FALSE,TRUE,1610,56,TRUE
0.0689655172414,TRUE,TRUE,56,470,TRUE
0.0492957746479,TRUE,TRUE,470,1273,TRUE
0.0113452188006,TRUE,TRUE,1273,2024,TRUE
0.167512690355,TRUE,TRUE,813,306,TRUE
0.529411764706,TRUE,FALSE,306,1610,FALSE
0.00446030330062,FALSE,TRUE,1610,56,TRUE
0.0344827586207,TRUE,TRUE,56,2687,TRUE
0.506307821699,TRUE,TRUE,2687,13025,TRUE
0.0499489448604,TRUE,TRUE,13025,2024,TRUE
0.167512690355,TRUE,TRUE,813,306,TRUE
0.529411764706,TRUE,FALSE,306,1610,FALSE
0.00446030330062,FALSE,TRUE,1610,56,TRUE
0.0689655172414,TRUE,TRUE,56,470,TRUE
0.00469483568075,TRUE,TRUE,470,484,TRUE
0.285123966942,TRUE,FALSE,484,423,FALSE
0.646258503401,TRUE,FALSE,149,200,FALSE
0.025,FALSE,TRUE,200,2024,TRUE
0.0515463917526,TRUE,FALSE,194,10,FALSE
0.2,FALSE,TRUE,10,156,TRUE
0.027027027027,TRUE,FALSE,156,783,TRUE
0.073264781491,FALSE,TRUE,783,260,FALSE
0.00704225352113,TRUE,TRUE,4661,352,TRUE
0.43063583815,TRUE,FALSE,352,1315,FALSE
0.00441988950276,FALSE,TRUE,1315,2989,TRUE
0.00728807057921,TRUE,TRUE,2989,1021,TRUE
0.753303964758,TRUE,TRUE,1021,5475,TRUE
0.004995004995,TRUE,TRUE,5475,156,TRUE
0.027027027027,TRUE,FALSE,156,783,TRUE
0.073264781491,FALSE,TRUE,783,260,FALSE
0.00683371298405,TRUE,TRUE,1470,1100,TRUE
0.797272727273,TRUE,FALSE,1100,898,FALSE
0.0183246073298,FALSE,TRUE,898,302,TRUE
0.010989010989,TRUE,TRUE,302,156,TRUE
0.027027027027,TRUE,FALSE,156,783,TRUE
0.073264781491,FALSE,TRUE,783,260,FALSE
0.00943396226415,TRUE,TRUE,260,5475,TRUE
0.0254133496632,TRUE,TRUE,4661,813,TRUE
0.00126903553299,TRUE,TRUE,813,270,TRUE
0.027027027027,TRUE,TRUE,270,156,TRUE
0.027027027027,TRUE,FALSE,156,783,TRUE
0.073264781491,FALSE,TRUE,783,260,FALSE
0.00244947948561,TRUE,TRUE,4661,294,TRUE
0.109589041096,TRUE,TRUE,294,4661,TRUE
0.000306184935701,TRUE,TRUE,4661,69,TRUE
0.0175438596491,TRUE,TRUE,69,493,TRUE
0.0654205607477,TRUE,TRUE,493,1930,TRUE
0.000255275697754,TRUE,TRUE,13025,19,TRUE
0.235294117647,TRUE,FALSE,19,7880,TRUE
0.00287845087008,FALSE,TRUE,7880,170,TRUE
0.364705882353,TRUE,FALSE,170,934,FALSE
0.43063583815,TRUE,FALSE,352,1315,FALSE
0.797272727273,TRUE,FALSE,1100,898,FALSE
0.00261780104712,FALSE,TRUE,898,2038,TRUE
0.145251396648,TRUE,TRUE,2038,1930,TRUE
0.0398743354277,TRUE,TRUE,6154,470,TRUE
0.0093896713615,TRUE,TRUE,470,369,TRUE
0.682926829268,TRUE,FALSE,369,871,FALSE
0.00900900900901,FALSE,TRUE,871,501,TRUE
0.118343195266,TRUE,FALSE,201,232,FALSE
0.00111731843575,TRUE,TRUE,2038,201,TRUE
0.118343195266,TRUE,FALSE,201,232,FALSE
1.0,TRUE,FALSE,12,320,FALSE
0.0774647887324,FALSE,TRUE,320,1371,TRUE
0.154336734694,TRUE,TRUE,979,2989,TRUE
0.0280015343306,TRUE,TRUE,2989,1341,TRUE
0.423658872077,TRUE,TRUE,905,3135,TRUE
0.143698854337,TRUE,TRUE,3135,13025,TRUE
0.00519060585432,TRUE,TRUE,13025,2038,TRUE
0.00558659217877,TRUE,TRUE,2038,3971,TRUE
0.986531986532,TRUE,TRUE,297,13025,TRUE
0.28807057921,TRUE,TRUE,2989,3971,TRUE
0.0204408817635,TRUE,FALSE,3971,7899,TRUE
0.000388601036269,FALSE,TRUE,7899,12,TRUE
1.0,TRUE,FALSE,12,320,FALSE
0.0774647887324,FALSE,TRUE,320,1371,TRUE
0.506307821699,TRUE,TRUE,2687,13025,TRUE
0.0482471068754,TRUE,TRUE,13025,1121,TRUE
0.31334622824,TRUE,TRUE,1121,5475,TRUE
0.00519480519481,TRUE,TRUE,5475,284,TRUE
0.0521327014218,TRUE,FALSE,284,7880,TRUE
0.00261677351825,FALSE,TRUE,7880,211,TRUE
0.176344086022,TRUE,TRUE,621,2989,TRUE
0.0575373993096,TRUE,TRUE,2989,1557,TRUE
0.103174603175,TRUE,FALSE,252,27,FALSE
0.666666666667,FALSE,TRUE,27,53,TRUE
0.0416666666667,TRUE,TRUE,53,1317,TRUE
0.251150399612,TRUE,TRUE,4208,3135,TRUE
0.185924713584,TRUE,TRUE,3135,4661,TRUE
0.57012195122,TRUE,TRUE,1466,13025,TRUE
0.00663716814159,TRUE,TRUE,13025,582,TRUE
0.0539499036609,TRUE,FALSE,582,2907,TRUE
0.10237388724,FALSE,TRUE,2907,2801,TRUE
0.00288704438831,TRUE,TRUE,2801,149,TRUE
0.369127516779,TRUE,FALSE,149,56,FALSE
0.000857878181298,TRUE,TRUE,4027,525,TRUE
0.0708661417323,TRUE,TRUE,525,250,TRUE
0.0426079496711,TRUE,TRUE,4027,2618,TRUE
0.000768639508071,TRUE,TRUE,2618,108,TRUE
0.00952380952381,TRUE,TRUE,108,76,TRUE
0.09375,TRUE,FALSE,76,7880,TRUE
0.00824283658249,FALSE,TRUE,7880,161,TRUE
0.306451612903,TRUE,TRUE,161,365,TRUE
0.234151329243,TRUE,TRUE,1054,13025,TRUE
0.016933287951,TRUE,TRUE,13025,1317,TRUE
0.0121722846442,TRUE,TRUE,1317,1188,TRUE
0.0927927927928,TRUE,TRUE,1188,2801,TRUE
0.00360880548538,TRUE,TRUE,2801,31,TRUE
0.0154142581888,TRUE,FALSE,582,7880,TRUE
0.0010467094073,FALSE,TRUE,7880,42,TRUE
0.677419354839,TRUE,FALSE,42,269,FALSE
0.0954567423876,TRUE,TRUE,6154,1516,TRUE
0.527797833935,TRUE,TRUE,1516,13025,TRUE
0.0170183798502,TRUE,TRUE,13025,1021,TRUE
0.753303964758,TRUE,TRUE,1021,5475,TRUE
0.0027972027972,TRUE,TRUE,5475,106,TRUE
0.01,TRUE,TRUE,106,1100,TRUE
0.0463636363636,TRUE,FALSE,1100,51,FALSE
0.0487804878049,FALSE,TRUE,51,31,TRUE
0.0238824249847,TRUE,TRUE,4661,3135,TRUE
0.00916530278232,TRUE,TRUE,3135,595,TRUE
0.0220713073005,TRUE,TRUE,595,525,TRUE
0.0708661417323,TRUE,TRUE,525,250,TRUE
0.0263157894737,TRUE,TRUE,250,457,TRUE
0.0382165605096,TRUE,TRUE,172,481,TRUE
0.0128205128205,TRUE,TRUE,481,2348,TRUE
0.0187695516163,TRUE,TRUE,2348,1930,TRUE
0.010162601626,TRUE,TRUE,1930,671,TRUE
0.037422037422,TRUE,TRUE,671,1341,TRUE
0.0361635220126,TRUE,TRUE,1341,1054,TRUE
0.00613496932515,TRUE,TRUE,1054,41,TRUE
0.142857142857,TRUE,TRUE,41,6040,TRUE
0.00227790432802,TRUE,TRUE,1470,525,TRUE
0.0708661417323,TRUE,TRUE,525,250,TRUE
0.0175438596491,TRUE,TRUE,250,2989,TRUE
0.000767165324127,TRUE,TRUE,2989,457,TRUE
0.506307821699,TRUE,TRUE,2687,13025,TRUE
0.0499489448604,TRUE,TRUE,13025,2024,TRUE
0.173410404624,TRUE,FALSE,2024,7880,TRUE
0.000915870731388,FALSE,TRUE,7880,24,TRUE
0.0225236134657,TRUE,TRUE,4208,573,TRUE
0.0790441176471,TRUE,TRUE,573,1492,TRUE
0.0639926515615,TRUE,TRUE,4661,4208,TRUE
0.0225236134657,TRUE,TRUE,4208,573,TRUE
0.0790441176471,TRUE,TRUE,573,1492,TRUE
0.493506493506,TRUE,FALSE,96,43,FALSE
0.0246153846154,TRUE,FALSE,335,7880,TRUE
0.00052335470365,FALSE,TRUE,7880,58,TRUE
0.189655172414,TRUE,FALSE,58,439,FALSE
0.313609467456,TRUE,FALSE,201,53,FALSE
0.313609467456,TRUE,FALSE,201,53,FALSE
0.105263157895,FALSE,TRUE,53,6154,TRUE
0.00181818181818,TRUE,FALSE,1100,40,FALSE
0.025,FALSE,FALSE,40,19,FALSE
0.0632054176072,TRUE,TRUE,446,4208,TRUE
0.000242189392105,TRUE,TRUE,4208,309,TRUE
0.0103092783505,TRUE,FALSE,309,869,TRUE
0.00805523590334,FALSE,TRUE,869,221,FALSE
0.018691588785,TRUE,TRUE,221,13025,TRUE
0.535714285714,TRUE,FALSE,28,871,FALSE
0.0342342342342,FALSE,FALSE,871,2848,TRUE
0.000361402240694,FALSE,TRUE,2848,3,TRUE
0.202920830131,TRUE,FALSE,2618,7880,TRUE
0.0052335470365,FALSE,TRUE,7880,544,TRUE
0.0594795539033,TRUE,FALSE,544,162,FALSE
0.00961538461538,FALSE,TRUE,162,835,TRUE
0.00370828182942,TRUE,TRUE,835,4661,TRUE
0.0309090909091,TRUE,FALSE,1100,162,FALSE
0.00961538461538,FALSE,TRUE,162,205,TRUE
0.00765827093261,TRUE,TRUE,13025,429,TRUE
0.0389294403893,TRUE,TRUE,429,610,TRUE
0.0630975143403,TRUE,TRUE,610,1100,TRUE
0.0309090909091,TRUE,FALSE,1100,162,FALSE
0.00961538461538,FALSE,TRUE,162,558,TRUE
0.369888475836,TRUE,TRUE,558,13025,TRUE
0.0192307692308,TRUE,TRUE,13025,872,TRUE
0.00729040097205,TRUE,TRUE,872,1167,TRUE
0.0162094763092,TRUE,TRUE,1167,315,TRUE
0.0699300699301,TRUE,TRUE,315,2801,TRUE
0.00685673042223,TRUE,TRUE,2801,124,TRUE
0.2605893186,TRUE,TRUE,1093,3971,TRUE
0.797272727273,TRUE,FALSE,1100,898,FALSE
0.00261780104712,FALSE,TRUE,898,1121,TRUE
0.31334622824,TRUE,TRUE,1121,5475,TRUE
0.0003996003996,TRUE,TRUE,5475,46,TRUE
0.5,TRUE,FALSE,46,7899,TRUE
0.0107512953368,FALSE,TRUE,7899,182,TRUE
0.506307821699,TRUE,TRUE,2687,13025,TRUE
0.0482471068754,TRUE,TRUE,13025,1121,TRUE
0.00290135396518,TRUE,TRUE,1121,274,TRUE
0.867647058824,TRUE,FALSE,274,564,FALSE
0.0059880239521,TRUE,TRUE,336,21,TRUE
1.0,TRUE,TRUE,21,62,TRUE
0.227272727273,TRUE,TRUE,62,2989,TRUE
0.28807057921,TRUE,TRUE,2989,3971,TRUE
0.28807057921,TRUE,TRUE,2989,3971,TRUE
0.00480961923848,TRUE,TRUE,3971,157,TRUE
0.666666666667,TRUE,TRUE,157,1599,TRUE
0.151534526854,TRUE,FALSE,1599,7899,TRUE
0.00246113989637,FALSE,TRUE,7899,78,TRUE
0.17351377477,TRUE,TRUE,6154,2989,TRUE
0.28807057921,TRUE,TRUE,2989,3971,TRUE
0.000285959393766,TRUE,TRUE,4027,28,TRUE
0.0588235294118,TRUE,TRUE,28,78,TRUE
0.333333333333,TRUE,TRUE,4,621,TRUE
0.369230769231,TRUE,TRUE,260,1492,TRUE
0.797272727273,TRUE,FALSE,1100,898,FALSE
0.0837696335079,FALSE,TRUE,898,13025,TRUE
0.0460347174949,TRUE,TRUE,13025,3135,TRUE
0.00163666121113,TRUE,TRUE,3135,485,TRUE
0.0714285714286,TRUE,TRUE,485,481,TRUE
0.025641025641,TRUE,TRUE,481,6154,TRUE
0.0038666022233,TRUE,TRUE,6154,5475,TRUE
0.0103896103896,TRUE,TRUE,5475,2038,TRUE
0.02394106814,TRUE,TRUE,1093,2801,TRUE
0.00974377481054,TRUE,TRUE,2801,369,TRUE
0.238482384824,TRUE,FALSE,369,126,FALSE
0.133928571429,FALSE,TRUE,126,358,TRUE
0.238482384824,TRUE,FALSE,369,126,FALSE
0.00892857142857,FALSE,TRUE,126,2099,TRUE
0.0337134357957,TRUE,TRUE,2099,163,TRUE
0.0322283609576,TRUE,TRUE,1093,525,TRUE
0.114173228346,TRUE,TRUE,525,358,TRUE
0.00458265139116,TRUE,TRUE,3135,309,TRUE
0.257731958763,TRUE,TRUE,309,2348,TRUE
0.0260688216893,TRUE,TRUE,2348,3971,TRUE
0.145569620253,TRUE,TRUE,160,2801,TRUE
0.00613496932515,TRUE,TRUE,2801,76,TRUE
0.00704225352113,TRUE,TRUE,4661,352,TRUE
0.43063583815,TRUE,FALSE,352,1315,FALSE
0.0331491712707,FALSE,TRUE,1315,6154,TRUE
0.0570323827936,TRUE,TRUE,6154,339,TRUE
0.891304347826,TRUE,TRUE,339,1599,TRUE
0.00319693094629,TRUE,TRUE,1599,78,TRUE
0.0031746031746,FALSE,TRUE,315,25,FALSE
0.421875,TRUE,TRUE,71,1729,TRUE
0.000285959393766,TRUE,TRUE,4027,18,TRUE
0.3,TRUE,FALSE,18,7880,TRUE
0.00130838675913,FALSE,TRUE,7880,22,TRUE
0.0605210420842,TRUE,TRUE,3971,1729,TRUE
0.493506493506,TRUE,FALSE,96,43,FALSE
0.00468005445882,TRUE,TRUE,13025,619,TRUE
0.16155088853,TRUE,FALSE,619,100,FALSE
0.15625,FALSE,TRUE,100,72,TRUE
0.0149253731343,TRUE,TRUE,72,96,TRUE
0.493506493506,TRUE,FALSE,96,43,FALSE
0.0526315789474,FALSE,FALSE,43,2907,TRUE
0.071587537092,FALSE,FALSE,2907,7880,TRUE
0.00824283658249,FALSE,TRUE,7880,161,TRUE
0.306451612903,TRUE,TRUE,161,365,TRUE
0.0105263157895,TRUE,TRUE,365,2024,TRUE
0.0225959012086,TRUE,TRUE,2024,13025,TRUE
0.527797833935,TRUE,TRUE,1516,13025,TRUE
0.00136147038802,TRUE,TRUE,13025,333,TRUE
0.249249249249,TRUE,FALSE,333,565,FALSE
0.0135135135135,FALSE,TRUE,565,1188,TRUE
0.0162162162162,TRUE,TRUE,1188,1315,TRUE
0.0580497569345,TRUE,TRUE,4027,13025,TRUE
0.000765827093261,TRUE,TRUE,13025,31,TRUE
0.0357142857143,TRUE,TRUE,31,464,TRUE
0.147826086957,TRUE,FALSE,464,1610,FALSE
0.0107047279215,FALSE,TRUE,1610,98,TRUE
0.336734693878,TRUE,FALSE,98,464,FALSE
0.00115295926211,TRUE,TRUE,2618,748,TRUE
0.0367892976589,TRUE,FALSE,748,11,FALSE
0.166666666667,FALSE,TRUE,11,464,TRUE
0.147826086957,TRUE,FALSE,464,1610,FALSE
0.0107047279215,FALSE,TRUE,1610,98,TRUE
0.336734693878,TRUE,FALSE,98,464,FALSE
0.0990888382688,TRUE,TRUE,1470,4208,TRUE
0.00242189392105,TRUE,FALSE,4208,465,TRUE
0.350537634409,FALSE,TRUE,465,164,FALSE
0.963414634146,TRUE,FALSE,164,253,FALSE
0.0178571428571,FALSE,TRUE,253,748,TRUE
0.0802675585284,TRUE,FALSE,748,24,FALSE
0.506307821699,TRUE,TRUE,2687,13025,TRUE
0.00450987066031,TRUE,FALSE,13025,465,TRUE
0.350537634409,FALSE,TRUE,465,164,FALSE
0.963414634146,TRUE,FALSE,164,253,FALSE
0.0178571428571,FALSE,TRUE,253,748,TRUE
0.0802675585284,TRUE,FALSE,748,24,FALSE
0.0214329454991,TRUE,TRUE,4661,1488,TRUE
0.00150715900528,TRUE,FALSE,1488,875,TRUE
0.00291120815138,FALSE,TRUE,875,76,TRUE
0.108379888268,TRUE,TRUE,2038,2348,TRUE
0.416058394161,TRUE,FALSE,2348,7899,TRUE
0.0124352331606,FALSE,TRUE,7899,274,TRUE
0.867647058824,TRUE,FALSE,274,564,FALSE
0.108379888268,TRUE,TRUE,2038,2348,TRUE
0.0203336809176,TRUE,TRUE,2348,525,TRUE
0.00590551181102,TRUE,TRUE,525,76,TRUE
0.0930802204532,TRUE,TRUE,4661,13025,TRUE
0.0202518720218,TRUE,TRUE,13025,573,TRUE
0.0202205882353,TRUE,TRUE,573,2038,TRUE
0.108379888268,TRUE,TRUE,2038,2348,TRUE
0.00312825860271,TRUE,TRUE,2348,484,TRUE
0.285123966942,TRUE,FALSE,484,423,FALSE
0.0881542699725,FALSE,TRUE,423,149,TRUE
0.340136054422,TRUE,FALSE,149,56,FALSE
0.0192307692308,FALSE,TRUE,56,193,TRUE
0.17351377477,TRUE,TRUE,6154,2989,TRUE
0.28807057921,TRUE,TRUE,2989,3971,TRUE
0.0731707317073,FALSE,TRUE,41,129,FALSE
0.945736434109,TRUE,FALSE,129,905,FALSE
0.00127877237852,FALSE,TRUE,905,294,TRUE
0.246575342466,TRUE,FALSE,294,7880,TRUE
0.000261677351825,FALSE,TRUE,7880,6,TRUE
1.0,TRUE,TRUE,6,5475,TRUE
0.000799200799201,TRUE,TRUE,5475,29,TRUE
0.00157232704403,TRUE,TRUE,1341,14,TRUE
0.5,TRUE,TRUE,14,5475,TRUE
0.014985014985,TRUE,TRUE,5475,1315,TRUE
0.00331491712707,TRUE,TRUE,1315,1363,TRUE
0.000722804481388,FALSE,TRUE,2848,2,TRUE
1.0,TRUE,FALSE,2,7880,TRUE
0.0262985738584,FALSE,TRUE,7880,604,FALSE
0.137323943662,TRUE,FALSE,887,7899,TRUE
0.0684684684685,TRUE,FALSE,1188,7880,TRUE
0.000785032055476,FALSE,TRUE,7880,10,TRUE
0.0227790432802,TRUE,TRUE,1470,3971,TRUE
0.00240480961924,TRUE,TRUE,3971,470,TRUE
0.0258215962441,TRUE,TRUE,470,582,TRUE
0.225433526012,TRUE,TRUE,582,1363,TRUE
0.000794281175536,TRUE,TRUE,1363,34,TRUE
0.0555555555556,TRUE,TRUE,34,78,TRUE
0.192307692308,TRUE,FALSE,78,188,FALSE
0.006,TRUE,TRUE,927,490,TRUE
0.0595482546201,TRUE,FALSE,490,7880,TRUE
0.00170090278686,FALSE,TRUE,7880,213,TRUE
0.0469483568075,TRUE,FALSE,213,348,FALSE
0.020618556701,FALSE,TRUE,348,72,TRUE
0.0714285714286,TRUE,TRUE,72,773,TRUE
0.0847457627119,TRUE,TRUE,773,1363,TRUE
0.0847457627119,TRUE,TRUE,773,1363,TRUE
0.0262112787927,TRUE,TRUE,1363,13025,TRUE
0.45,TRUE,FALSE,21,7880,TRUE
0.00353264424964,FALSE,TRUE,7880,194,TRUE
0.020618556701,TRUE,FALSE,194,187,FALSE
0.0875,FALSE,TRUE,187,1209,TRUE
0.253658536585,TRUE,TRUE,1209,1599,TRUE
0.0153153153153,TRUE,TRUE,1188,525,TRUE
0.00476568705322,TRUE,TRUE,1363,464,TRUE
0.0369565217391,TRUE,FALSE,464,320,FALSE
0.0352112676056,FALSE,TRUE,320,23,TRUE
0.272727272727,TRUE,FALSE,23,2848,TRUE
0.000361402240694,FALSE,TRUE,2848,125,TRUE
0.571428571429,TRUE,FALSE,125,244,FALSE
0.00455580865604,TRUE,TRUE,1470,294,TRUE
0.246575342466,TRUE,FALSE,294,7880,TRUE
0.00274761219416,FALSE,TRUE,7880,70,TRUE
0.0645161290323,TRUE,TRUE,70,1930,TRUE
0.0203336809176,TRUE,TRUE,2348,525,TRUE
0.00787401574803,TRUE,TRUE,525,32,TRUE
0.0833333333333,TRUE,TRUE,32,1902,TRUE
0.0755711775044,TRUE,TRUE,573,4208,TRUE
0.000484378784209,TRUE,TRUE,4208,168,TRUE
0.030303030303,TRUE,TRUE,168,1209,TRUE
0.00243902439024,TRUE,TRUE,1209,663,TRUE
0.2605893186,TRUE,TRUE,1093,3971,TRUE
0.140625,TRUE,TRUE,102,4208,TRUE
0.000726568176314,TRUE,TRUE,4208,41,TRUE
0.147058823529,TRUE,FALSE,41,7880,TRUE
0.065732237796,TRUE,TRUE,6154,619,TRUE
0.340872374798,TRUE,FALSE,619,220,FALSE
0.0251572327044,TRUE,TRUE,1341,573,TRUE
0.00183823529412,TRUE,TRUE,573,213,TRUE
0.0469483568075,TRUE,FALSE,213,348,FALSE
0.00343642611684,FALSE,TRUE,348,1315,TRUE
0.0111888111888,TRUE,FALSE,5475,7880,TRUE
0.00248593484234,FALSE,TRUE,7880,333,TRUE
0.003003003003,TRUE,FALSE,333,544,FALSE
0.00185873605948,FALSE,FALSE,544,556,FALSE
0.00252981568486,FALSE,TRUE,2848,501,TRUE
0.251150399612,TRUE,TRUE,4208,3135,TRUE
0.00490998363339,TRUE,TRUE,3135,280,TRUE
0.0408921933086,TRUE,TRUE,4027,1445,TRUE
0.149721448468,TRUE,TRUE,1445,1021,TRUE
0.753303964758,TRUE,TRUE,1021,5475,TRUE
0.00919080919081,TRUE,TRUE,5475,352,TRUE
0.0344827586207,TRUE,FALSE,352,7899,TRUE
0.00958549222798,FALSE,TRUE,7899,170,TRUE
0.364705882353,TRUE,FALSE,170,934,FALSE
0.00502512562814,FALSE,FALSE,934,7880,TRUE
0.00248593484234,FALSE,TRUE,7880,98,TRUE
0.142857142857,TRUE,FALSE,98,2907,TRUE
0.10237388724,FALSE,TRUE,2907,2801,TRUE
0.00144352219415,TRUE,TRUE,2801,24,TRUE
0.875,TRUE,FALSE,24,54,FALSE
0.506307821699,TRUE,TRUE,2687,13025,TRUE
0.0499489448604,TRUE,TRUE,13025,2024,TRUE
0.173410404624,TRUE,FALSE,2024,7880,TRUE
0.0010467094073,FALSE,TRUE,7880,77,TRUE
0.234151329243,TRUE,TRUE,1054,13025,TRUE
0.0125936010892,TRUE,TRUE,13025,485,TRUE
0.0105042016807,TRUE,TRUE,485,484,TRUE
0.285123966942,TRUE,FALSE,484,423,FALSE
0.0881542699725,FALSE,TRUE,423,149,TRUE
0.646258503401,TRUE,FALSE,149,200,FALSE
0.0333333333333,FALSE,FALSE,200,7880,TRUE
0.0672510794191,FALSE,TRUE,7880,514,FALSE
0.0063829787234,TRUE,TRUE,514,32,TRUE
1.0,TRUE,FALSE,32,934,FALSE
0.0519262981575,FALSE,TRUE,934,43,TRUE
0.790697674419,TRUE,FALSE,43,934,FALSE
0.00972261938805,TRUE,TRUE,4027,1341,TRUE
0.0157232704403,TRUE,TRUE,1341,75,TRUE
0.492957746479,TRUE,TRUE,75,5475,TRUE
0.0003996003996,TRUE,TRUE,5475,9,TRUE
0.142857142857,TRUE,TRUE,9,90,TRUE
0.0073664825046,TRUE,TRUE,1093,369,TRUE
0.238482384824,TRUE,FALSE,369,126,FALSE
0.133928571429,FALSE,TRUE,126,358,TRUE
0.28807057921,TRUE,TRUE,2989,3971,TRUE
0.0537074148297,TRUE,FALSE,3971,7880,TRUE
0.000915870731388,FALSE,TRUE,7880,91,TRUE
0.28807057921,TRUE,TRUE,2989,3971,TRUE
0.0120240480962,TRUE,TRUE,3971,1100,TRUE
0.0463636363636,TRUE,FALSE,1100,51,FALSE
0.0243902439024,FALSE,TRUE,51,76,TRUE
0.2,TRUE,FALSE,5,564,FALSE
0.234151329243,TRUE,TRUE,1054,13025,TRUE
0.00553097345133,TRUE,TRUE,13025,433,TRUE
0.0187667560322,TRUE,TRUE,433,6040,TRUE
0.0288461538462,TRUE,TRUE,13025,1363,TRUE
0.156473391581,TRUE,TRUE,1363,5475,TRUE
0.0013986013986,TRUE,TRUE,5475,63,TRUE
0.43063583815,TRUE,FALSE,352,1315,FALSE
0.00662983425414,FALSE,TRUE,1315,573,TRUE
0.00919117647059,TRUE,TRUE,573,14,TRUE
0.00704225352113,TRUE,TRUE,4661,352,TRUE
0.43063583815,TRUE,FALSE,352,1315,FALSE
0.00662983425414,FALSE,TRUE,1315,573,TRUE
0.00919117647059,TRUE,TRUE,573,14,TRUE
0.0515463917526,TRUE,FALSE,194,10,FALSE
0.325056433409,TRUE,FALSE,446,1371,FALSE
0.00362976406534,FALSE,TRUE,1371,194,TRUE
0.0515463917526,TRUE,FALSE,194,10,FALSE
0.2,FALSE,TRUE,10,1054,TRUE
0.00306748466258,TRUE,TRUE,1054,14,TRUE
0.0930802204532,TRUE,TRUE,4661,13025,TRUE
0.000170183798502,TRUE,TRUE,13025,14,TRUE
0.0515463917526,TRUE,FALSE,194,10,FALSE
0.154336734694,TRUE,TRUE,979,2989,TRUE
0.000383582662064,TRUE,TRUE,2989,194,TRUE
0.0515463917526,TRUE,FALSE,194,10,FALSE
0.17351377477,TRUE,TRUE,6154,2989,TRUE
0.28807057921,TRUE,TRUE,2989,3971,TRUE
0.0930802204532,TRUE,TRUE,4661,13025,TRUE
0.00519060585432,TRUE,TRUE,13025,2038,TRUE
0.108379888268,TRUE,TRUE,2038,2348,TRUE
0.00573514077164,TRUE,TRUE,2348,274,TRUE
0.867647058824,TRUE,FALSE,274,564,FALSE
0.0129449838188,FALSE,TRUE,564,1188,TRUE
0.00540540540541,TRUE,TRUE,1188,220,TRUE
0.816326530612,TRUE,FALSE,220,187,FALSE
0.0176787086856,TRUE,TRUE,2618,525,TRUE
0.114173228346,TRUE,TRUE,525,358,TRUE
0.0119760479042,TRUE,TRUE,336,50,TRUE
0.871794871795,TRUE,FALSE,50,62,FALSE
0.227272727273,FALSE,TRUE,62,2989,TRUE
0.28807057921,TRUE,TRUE,2989,3971,TRUE
0.0398743354277,TRUE,TRUE,6154,470,TRUE
0.223004694836,TRUE,TRUE,470,6040,TRUE
0.00343915343915,TRUE,TRUE,6040,501,TRUE
0.933333333333,FALSE,TRUE,15,211,FALSE
0.0663507109005,TRUE,FALSE,211,934,FALSE
0.17351377477,TRUE,TRUE,6154,2989,TRUE
0.28807057921,TRUE,TRUE,2989,3971,TRUE
0.155003762227,TRUE,FALSE,1346,7899,TRUE
0.00427461139896,FALSE,TRUE,7899,122,TRUE
0.0169491525424,TRUE,TRUE,122,979,TRUE
0.657142857143,TRUE,FALSE,95,465,TRUE
0.109677419355,FALSE,TRUE,465,86,FALSE
0.588235294118,TRUE,FALSE,86,439,FALSE
0.0930802204532,TRUE,TRUE,4661,13025,TRUE
0.0202518720218,TRUE,TRUE,13025,573,TRUE
0.0514705882353,TRUE,TRUE,573,1346,TRUE
0.155003762227,TRUE,FALSE,1346,7899,TRUE
0.00427461139896,FALSE,TRUE,7899,122,TRUE
0.0338983050847,TRUE,TRUE,122,2348,TRUE
0.416058394161,TRUE,FALSE,2348,7899,TRUE
0.00556994818653,FALSE,TRUE,7899,95,TRUE
0.657142857143,TRUE,FALSE,95,465,TRUE
0.109677419355,FALSE,TRUE,465,86,FALSE
0.588235294118,TRUE,FALSE,86,439,FALSE
0.167000285959,TRUE,FALSE,4027,905,FALSE
0.134271099744,FALSE,TRUE,905,1930,TRUE
0.0683905268246,TRUE,TRUE,6154,1466,TRUE
0.0182926829268,TRUE,FALSE,1466,7899,TRUE
0.00427461139896,FALSE,TRUE,7899,122,TRUE
0.0169491525424,TRUE,TRUE,122,137,TRUE
0.000285959393766,TRUE,TRUE,4027,137,TRUE
0.0229007633588,TRUE,TRUE,137,352,TRUE
0.202312138728,TRUE,FALSE,352,106,FALSE
0.0309278350515,FALSE,TRUE,106,29,TRUE
0.128826530612,TRUE,TRUE,979,1466,TRUE
0.0487804878049,TRUE,TRUE,1466,6040,TRUE
0.00820105820106,TRUE,TRUE,6040,1317,TRUE
0.100148367953,FALSE,TRUE,2907,1930,TRUE
0.179133103184,TRUE,TRUE,2989,6040,TRUE
0.00291005291005,TRUE,TRUE,6040,262,TRUE
0.548780487805,TRUE,FALSE,262,439,FALSE
0.13353115727,FALSE,FALSE,439,7899,TRUE
0.0121761658031,FALSE,TRUE,7899,236,TRUE
0.0595482546201,TRUE,FALSE,490,7880,TRUE
0.00405599895329,FALSE,TRUE,7880,31,FALSE
0.0869565217391,TRUE,TRUE,31,13025,TRUE
0.00204220558203,TRUE,TRUE,13025,83,TRUE
0.0609756097561,TRUE,TRUE,83,1221,TRUE
0.00254452926209,TRUE,TRUE,1221,37,TRUE
0.0785241248817,TRUE,TRUE,1492,13025,TRUE
0.000595643294758,TRUE,TRUE,13025,218,TRUE
0.449541284404,TRUE,FALSE,218,1552,FALSE
0.00403632694248,FALSE,FALSE,1552,7880,TRUE
0.0291770247285,FALSE,TRUE,7880,223,FALSE
0.410510659395,FALSE,TRUE,2099,2038,FALSE
0.797272727273,TRUE,FALSE,1100,898,FALSE
0.00261780104712,FALSE,TRUE,898,336,TRUE
0.00299401197605,TRUE,TRUE,336,122,TRUE
0.0847457627119,TRUE,TRUE,122,2989,TRUE
0.28807057921,TRUE,TRUE,2989,3971,TRUE
0.0930802204532,TRUE,TRUE,4661,13025,TRUE
0.0202518720218,TRUE,TRUE,13025,573,TRUE
0.0110294117647,TRUE,TRUE,573,309,TRUE
0.257731958763,TRUE,TRUE,309,2348,TRUE
0.0224191866528,TRUE,TRUE,2348,663,TRUE
0.00306748466258,TRUE,TRUE,663,211,TRUE
0.0570323827936,TRUE,TRUE,6154,339,TRUE
0.0186335403727,TRUE,TRUE,339,2989,TRUE
0.28807057921,TRUE,TRUE,2989,3971,TRUE
0.17351377477,TRUE,TRUE,6154,2989,TRUE
0.28807057921,TRUE,TRUE,2989,3971,TRUE
0.222322232223,TRUE,TRUE,1557,2989,TRUE
0.0414269275029,TRUE,FALSE,2989,7880,TRUE
0.000130838675913,FALSE,TRUE,7880,871,TRUE
0.0018018018018,TRUE,FALSE,871,187,FALSE
0.0125,FALSE,FALSE,187,214,TRUE
0.0406504065041,FALSE,FALSE,214,544,FALSE
0.0092936802974,FALSE,TRUE,544,42,FALSE
0.128205128205,TRUE,FALSE,42,8,FALSE
0.234151329243,TRUE,TRUE,1054,13025,TRUE
0.0133594281824,TRUE,TRUE,13025,501,TRUE
0.0984615384615,TRUE,TRUE,501,3971,TRUE
0.0134228187919,TRUE,FALSE,149,2,FALSE
1.0,FALSE,TRUE,2,179,TRUE
1.0,TRUE,FALSE,2,3,FALSE
0.666666666667,FALSE,TRUE,3,2,TRUE
0.666666666667,TRUE,FALSE,71,125,FALSE
0.0294117647059,FALSE,TRUE,125,179,TRUE
0.0921052631579,TRUE,FALSE,81,281,FALSE
0.016393442623,FALSE,TRUE,281,179,TRUE
0.00578034682081,TRUE,FALSE,352,2,FALSE
0.5,FALSE,TRUE,2,8,TRUE
0.125,TRUE,FALSE,8,214,TRUE
0.0406504065041,FALSE,FALSE,214,544,FALSE
0.0092936802974,FALSE,TRUE,544,42,FALSE
0.128205128205,TRUE,FALSE,42,8,FALSE
0.0132827324478,FALSE,TRUE,527,10,FALSE
0.5,TRUE,FALSE,10,14,FALSE
0.0769230769231,FALSE,FALSE,14,214,TRUE
0.0406504065041,FALSE,FALSE,214,544,FALSE
0.0092936802974,FALSE,TRUE,544,42,FALSE
0.128205128205,TRUE,FALSE,42,8,FALSE
0.0333333333333,TRUE,FALSE,30,97,FALSE
0.0114942528736,TRUE,FALSE,172,27,FALSE
0.125,FALSE,TRUE,27,51,TRUE
0.04,TRUE,TRUE,51,1,TRUE
0.1,TRUE,TRUE,20,179,TRUE
0.0714285714286,TRUE,TRUE,36,179,TRUE
0.666666666667,TRUE,TRUE,4,179,TRUE
0.0350877192982,TRUE,TRUE,182,179,TRUE
0.0223048327138,FALSE,TRUE,544,12,FALSE
0.506307821699,TRUE,TRUE,2687,13025,TRUE
0.0410993873383,TRUE,TRUE,13025,4661,TRUE
0.0777709736681,TRUE,TRUE,4661,6154,TRUE
0.0570323827936,TRUE,TRUE,6154,339,TRUE
0.00310559006211,TRUE,TRUE,339,1557,TRUE
0.222322232223,TRUE,TRUE,1557,2989,TRUE
0.00455580865604,TRUE,TRUE,1470,294,TRUE
0.246575342466,TRUE,FALSE,294,7880,TRUE
0.00353264424964,FALSE,TRUE,7880,173,TRUE
0.202920830131,TRUE,FALSE,2618,7880,TRUE
0.000130838675913,FALSE,TRUE,7880,2,TRUE
1.0,TRUE,FALSE,2,3,FALSE
0.666666666667,FALSE,TRUE,3,2,TRUE
0.0570323827936,TRUE,TRUE,6154,339,TRUE
0.0186335403727,TRUE,TRUE,339,2989,TRUE
0.28807057921,TRUE,TRUE,2989,3971,TRUE
0.155003762227,TRUE,FALSE,1346,7899,TRUE
0.0178756476684,FALSE,TRUE,7899,523,TRUE
0.764367816092,TRUE,FALSE,523,1371,FALSE
0.000907441016334,FALSE,TRUE,1371,979,TRUE
0.154336734694,TRUE,TRUE,979,2989,TRUE
0.0529344073648,TRUE,FALSE,2989,7899,TRUE
0.0178756476684,FALSE,TRUE,7899,523,TRUE
0.764367816092,TRUE,FALSE,523,1371,FALSE
0.154336734694,TRUE,TRUE,979,2989,TRUE
0.0126582278481,TRUE,TRUE,2989,1273,TRUE
0.0126582278481,TRUE,TRUE,2989,1273,TRUE
0.000810372771475,TRUE,TRUE,1273,333,TRUE
0.249249249249,TRUE,FALSE,333,565,FALSE
0.0135135135135,FALSE,TRUE,565,1167,TRUE
0.00623441396509,TRUE,TRUE,1167,304,TRUE
0.037037037037,TRUE,TRUE,304,2989,TRUE
0.0126582278481,TRUE,TRUE,2989,1273,TRUE
0.00405186385737,TRUE,FALSE,1273,2907,TRUE
0.330118694362,FALSE,FALSE,2907,7899,TRUE
0.00479274611399,FALSE,TRUE,7899,205,TRUE
0.0232558139535,TRUE,TRUE,205,304,TRUE
0.037037037037,TRUE,TRUE,304,2989,TRUE
0.0126582278481,TRUE,TRUE,2989,1273,TRUE
0.000810372771475,TRUE,TRUE,1273,1209,TRUE
0.0939024390244,TRUE,TRUE,1209,221,FALSE
0.154336734694,TRUE,TRUE,979,2989,TRUE
0.0126582278481,TRUE,TRUE,2989,1273,TRUE
0.0116279069767,TRUE,TRUE,205,1470,TRUE
0.222322232223,TRUE,TRUE,1557,2989,TRUE
0.0529344073648,TRUE,FALSE,2989,7899,TRUE
0.000259067357513,FALSE,TRUE,7899,71,TRUE
0.666666666667,TRUE,FALSE,71,125,FALSE
0.0294117647059,FALSE,TRUE,125,179,TRUE
0.222322232223,TRUE,TRUE,1557,2989,TRUE
0.0529344073648,TRUE,FALSE,2989,7899,TRUE
0.00129533678756,FALSE,TRUE,7899,81,TRUE
0.0921052631579,TRUE,FALSE,81,281,FALSE
0.016393442623,FALSE,TRUE,281,179,TRUE
0.0121951219512,TRUE,TRUE,179,979,TRUE
0.0918367346939,TRUE,TRUE,979,13025,TRUE
0.000255275697754,TRUE,TRUE,13025,14,TRUE
0.222322232223,TRUE,TRUE,1557,2989,TRUE
0.0414269275029,TRUE,FALSE,2989,7880,TRUE
0.00117754808321,FALSE,TRUE,7880,182,TRUE
0.0350877192982,TRUE,TRUE,182,179,TRUE
0.0777709736681,TRUE,TRUE,4661,6154,TRUE
0.0570323827936,TRUE,TRUE,6154,339,TRUE
0.00621118012422,TRUE,TRUE,339,3971,TRUE
0.0380761523046,TRUE,TRUE,3971,2989,TRUE
0.00455580865604,TRUE,TRUE,1470,331,TRUE
0.305970149254,TRUE,TRUE,331,1516,TRUE
0.00216606498195,TRUE,TRUE,1516,42,TRUE
0.0909090909091,TRUE,TRUE,42,464,TRUE
0.0825688073394,TRUE,TRUE,464,6154,TRUE
0.0954567423876,TRUE,TRUE,6154,1516,TRUE
0.0541516245487,TRUE,TRUE,1516,672,TRUE
0.0150501672241,TRUE,TRUE,672,526,TRUE
0.00455580865604,TRUE,TRUE,1470,331,TRUE
0.305970149254,TRUE,TRUE,331,1516,TRUE
0.00216606498195,TRUE,TRUE,1516,42,TRUE
0.0909090909091,TRUE,TRUE,42,464,TRUE
0.0825688073394,TRUE,TRUE,464,6154,TRUE
0.0954567423876,TRUE,TRUE,6154,1516,TRUE
0.0541516245487,TRUE,TRUE,1516,672,TRUE
0.0150501672241,TRUE,TRUE,672,526,TRUE
0.506307821699,TRUE,TRUE,2687,13025,TRUE
0.0410993873383,TRUE,TRUE,13025,4661,TRUE
0.0777709736681,TRUE,TRUE,4661,6154,TRUE
0.0118414693088,TRUE,TRUE,6154,3971,TRUE
0.0380761523046,TRUE,TRUE,3971,2989,TRUE
0.0460347174949,TRUE,TRUE,13025,3135,TRUE
0.185924713584,TRUE,TRUE,3135,4661,TRUE
0.107225211376,TRUE,FALSE,2618,7899,TRUE
0.00233160621762,FALSE,TRUE,7899,36,TRUE
0.0714285714286,TRUE,TRUE,36,179,TRUE
0.0108695652174,TRUE,TRUE,127,179,TRUE
0.17351377477,TRUE,TRUE,6154,2989,TRUE
0.28807057921,TRUE,TRUE,2989,3971,TRUE
0.246575342466,TRUE,FALSE,294,7880,TRUE
0.00157006411095,FALSE,TRUE,7880,120,TRUE
0.0408163265306,TRUE,TRUE,120,3971,TRUE
0.00961923847695,TRUE,TRUE,3971,138,TRUE
0.762962962963,TRUE,TRUE,138,1363,TRUE
0.167593328038,TRUE,TRUE,1363,3971,TRUE
0.666666666667,TRUE,TRUE,4,179,TRUE
0.0336104083845,FALSE,FALSE,2848,7899,TRUE
0.0020725388601,FALSE,TRUE,7899,181,TRUE
0.00578034682081,TRUE,TRUE,181,179,TRUE
0.0121951219512,TRUE,TRUE,179,2348,TRUE
0.0224191866528,TRUE,FALSE,2348,7880,TRUE
0.00353264424964,FALSE,TRUE,7880,97,TRUE
0.0714285714286,TRUE,TRUE,97,2989,TRUE
0.00153433064825,TRUE,TRUE,2989,23,TRUE
0.111111111111,TRUE,FALSE,23,7899,TRUE
0.0059585492228,FALSE,TRUE,7899,6154,TRUE
0.000701754385965,TRUE,TRUE,1433,23,TRUE
0.111111111111,TRUE,FALSE,23,7899,TRUE
0.00569948186528,FALSE,FALSE,7899,544,TRUE
0.0223048327138,FALSE,TRUE,544,12,FALSE
0.0223048327138,FALSE,TRUE,544,12,FALSE
0.17351377477,TRUE,TRUE,6154,2989,TRUE
0.28807057921,TRUE,TRUE,2989,3971,TRUE
0.0174603174603,TRUE,TRUE,6040,138,TRUE
0.762962962963,TRUE,TRUE,138,1363,TRUE
0.138204924543,TRUE,FALSE,1363,7880,TRUE
0.00130838675913,FALSE,TRUE,7880,40,TRUE
0.125,TRUE,FALSE,40,9,FALSE
0.166666666667,FALSE,TRUE,9,464,TRUE
0.045871559633,TRUE,TRUE,464,1433,TRUE
0.162105263158,TRUE,FALSE,1433,7880,TRUE
0.000261677351825,FALSE,TRUE,7880,2,TRUE
0.00350877192982,TRUE,TRUE,1433,1729,TRUE
0.0787637088734,TRUE,TRUE,1729,1599,TRUE
0.151534526854,TRUE,FALSE,1599,7899,TRUE
0.000129533678756,FALSE,TRUE,7899,3,TRUE
1.0,TRUE,TRUE,3,3971,TRUE
0.00200400801603,TRUE,TRUE,3971,672,TRUE
0.00167224080268,TRUE,TRUE,672,85,TRUE
0.0666666666667,TRUE,TRUE,85,1188,TRUE
0.0184473481937,TRUE,TRUE,2618,610,TRUE
0.0248565965583,TRUE,TRUE,610,88,TRUE
0.0142857142857,TRUE,TRUE,88,365,TRUE
0.00526315789474,TRUE,TRUE,365,97,TRUE
0.0227790432802,TRUE,TRUE,1470,3971,TRUE
0.00240480961924,TRUE,TRUE,3971,470,TRUE
0.0258215962441,TRUE,TRUE,470,582,TRUE
0.225433526012,TRUE,TRUE,582,1363,TRUE
0.138204924543,TRUE,FALSE,1363,7880,TRUE
0.0010467094073,FALSE,TRUE,7880,32,TRUE
0.111111111111,TRUE,TRUE,32,453,TRUE
0.862385321101,TRUE,FALSE,453,727,FALSE
0.153958944282,FALSE,TRUE,727,6040,TRUE
0.135204081633,TRUE,TRUE,979,1516,TRUE
0.527797833935,TRUE,TRUE,1516,13025,TRUE
0.0170183798502,TRUE,TRUE,13025,1021,TRUE
0.0179640718563,TRUE,TRUE,336,2989,TRUE
0.0575373993096,TRUE,TRUE,2989,1557,TRUE
0.0954567423876,TRUE,TRUE,6154,1516,TRUE
0.527797833935,TRUE,TRUE,1516,13025,TRUE
0.0211027910143,TRUE,TRUE,13025,526,TRUE
0.010101010101,TRUE,TRUE,101,31,TRUE
0.00679117147708,TRUE,TRUE,595,6154,TRUE
0.0264928511354,TRUE,TRUE,2687,6154,TRUE
0.867647058824,TRUE,FALSE,274,564,FALSE
0.440227703985,TRUE,FALSE,527,727,FALSE
0.0909090909091,FALSE,TRUE,727,3971,TRUE
0.00360721442886,TRUE,TRUE,3971,174,TRUE
0.977011494253,TRUE,FALSE,174,934,FALSE
0.00393081761006,TRUE,TRUE,1341,2099,TRUE
0.0426375805652,TRUE,FALSE,2099,96,FALSE
0.0113636363636,FALSE,TRUE,96,10,TRUE
0.2,TRUE,FALSE,10,7899,TRUE
0.000388601036269,FALSE,TRUE,7899,457,TRUE
0.0197044334975,TRUE,TRUE,457,558,TRUE
0.00743494423792,TRUE,TRUE,558,527,TRUE
0.00192307692308,TRUE,TRUE,527,21,TRUE
0.142857142857,TRUE,FALSE,21,188,FALSE
0.57012195122,TRUE,TRUE,1466,13025,TRUE
0.00519060585432,TRUE,TRUE,13025,2038,TRUE
0.00893854748603,TRUE,TRUE,2038,6040,TRUE
0.0224867724868,TRUE,FALSE,6040,2099,TRUE
0.0307387208726,FALSE,TRUE,2099,153,FALSE
0.745098039216,TRUE,FALSE,153,871,FALSE
0.065732237796,TRUE,TRUE,6154,619,TRUE
0.340872374798,TRUE,FALSE,619,220,FALSE
0.0036589516678,TRUE,TRUE,13025,137,TRUE
0.167938931298,TRUE,TRUE,137,2801,TRUE
0.00433056658246,TRUE,TRUE,2801,1610,TRUE
0.00129533678756,FALSE,TRUE,7899,104,TRUE
0.123076923077,TRUE,TRUE,104,120,TRUE
0.0204081632653,TRUE,TRUE,120,137,TRUE
0.167938931298,TRUE,TRUE,137,2801,TRUE
0.00433056658246,TRUE,TRUE,2801,1610,TRUE
0.0406504065041,FALSE,FALSE,214,544,FALSE
0.0092936802974,FALSE,TRUE,544,42,FALSE
0.128205128205,TRUE,FALSE,42,8,FALSE
0.202920830131,TRUE,FALSE,2618,7880,TRUE
0.00196258013869,FALSE,TRUE,7880,20,TRUE
0.1,TRUE,TRUE,20,179,TRUE
0.0227790432802,TRUE,TRUE,1470,3971,TRUE
0.0380761523046,TRUE,TRUE,3971,2989,TRUE
0.00153433064825,TRUE,TRUE,2989,252,TRUE
0.103174603175,TRUE,FALSE,252,27,FALSE
0.666666666667,FALSE,TRUE,27,53,TRUE
0.0993227990971,TRUE,TRUE,1346,2801,TRUE
0.00757849151931,TRUE,FALSE,2801,345,TRUE
0.0444444444444,FALSE,TRUE,345,28,FALSE
0.5,TRUE,FALSE,28,23,FALSE
0.315789473684,FALSE,TRUE,23,2348,TRUE
0.000752445447705,TRUE,FALSE,1346,345,TRUE
0.0444444444444,FALSE,TRUE,345,28,FALSE
0.5,TRUE,FALSE,28,23,FALSE
0.315789473684,FALSE,TRUE,23,2348,TRUE
0.00938477580813,TRUE,FALSE,2348,2848,TRUE
0.00903505601735,FALSE,TRUE,2848,835,TRUE
0.0370828182942,TRUE,TRUE,835,1054,TRUE
0.0102249488753,TRUE,TRUE,1054,98,TRUE
0.0909090909091,TRUE,FALSE,98,7899,TRUE
0.00634715025907,FALSE,TRUE,7899,179,TRUE
0.0243710691824,TRUE,TRUE,1341,429,TRUE
0.0121654501217,TRUE,TRUE,429,525,TRUE
0.00590551181102,TRUE,TRUE,525,88,TRUE
0.016393442623,TRUE,FALSE,88,869,TRUE
0.124280782509,FALSE,TRUE,869,1502,FALSE
0.0209339774557,TRUE,TRUE,1502,648,TRUE
